unq_id,category,sub_category,discontinued,legacy_brand,brand,mspn,external_id,external_id_type,brand_id,model,manufacturer,lt_p,size_dimensions,full_size,full_bolt_patterns,full_bolt_pattern_1,full_bolt_pattern_2,c_z_rated,rft,vast_description,description,long_description,notes,features,install_time,length_val,section_width,section_width_unit_id,aspect_ratio,rim_diameter,rim_diameter_unit_id,overall_diameter,overall_diameter_unit_id,weight_tire,weight_tire_unit_id,length_package,length_unit_id,width_package,width_unit_id,height_package,height_unit_id,weight_package,weight_unit_id,wheel_finish,simple_finish,side_wall_style,load_index_1,load_index_2,speed_rating,load_range,load_rating,back_spacing,offset,center_bore,ply,tread_depth,tread_depth_unit_id,rim_width,rim_width_unit_id,max_rim_width,max_rim_width_unit_id,min_rim_width,min_rim_width_unit_id,utqg,tread_wear,traction,temperature,warranty_type,warranty_in_miles,max_psi,max_load_lb,image_url_full,image_url_quarter,image_side,image_url_tread,image_kit_1,image_kit_2,season,tire_type_performance,car_type,country,quality_tier,construction,source,oem_fitments,status,msct,wheel_diameter,wheel_width,bolt_pattern_1,bolt_circle_diameter_1,bolt_pattern_2,bolt_circle_diameter_2,created_at,updated_at
1-000P-51061-12,2,,,,CENTERLINE,000P-51061-12,8.48E+12,GTIN,,000P CONVO PRO,,P,15x10,15x10,5x120.7,5x120.7,,,,,Centerline 000P Convo Pro 15x10 5x120.7 -12et Polished Lip/Brushed Center Wheel,"Built by the pioneers of the wheel industry, the Center Line brand is defined by its foundation of superior quality, excellence of engineering and innovation. ?one piece cast wheels are now available for modern muscle, classic muscle, racing truck, street truck, and lifted truck applications. This new generation of wheels brings a fresh perspective in design innovation while encompassing the original classic elements that gave Center Line its name. The heritage advances in this reinvention.",,,,79,,,,,,,,0,,18,IN,18,IN,12.5,IN,15.55,LB,Polished Lip / Brushed Center,POLISHED,,0,0,,0,1525,5,-12,81,,,,,,,,,,,0,,,,,0,,https://tireandwheelimages.americantiredepot.net/tireandwheelimages/Wheel_Images/ATD/CENTERLINE/000P_CONVO_PRO/CENTERLINE_000P_CONVO_PRO_POLISHED_LIP_5LUG.jpg,,,,,,,,,China,,,ATD,,,,15,10,5,120.7,0,,5/28/2021 20:25,6/14/2023 13:08
1-000P-51061-55,2,,,,CENTERLINE,000P-51061-55,8.48E+12,GTIN,,000P CONVO PRO,,P,15x10,15x10,5x120.7,5x120.7,,,,,Centerline 000P Convo Pro 15x10 5x120.7 -55et Polished Lip/Brushed Center Wheel,"Built by the pioneers of the wheel industry, the Center Line brand is defined by its foundation of superior quality, excellence of engineering and innovation. ?one piece cast wheels are now available for modern muscle, classic muscle, racing truck, street truck, and lifted truck applications. This new generation of wheels brings a fresh perspective in design innovation while encompassing the original classic elements that gave Center Line its name. The heritage advances in this reinvention.",,,,79,,,,,,,,0,,18,IN,18,IN,12.5,IN,15.55,LB,Polished Lip / Brushed Center,POLISHED,,0,0,,0,1525,3.375,-55,81,,,,,,,,,,,0,,,,,0,,https://tireandwheelimages.americantiredepot.net/tireandwheelimages/Wheel_Images/ATD/CENTERLINE/000P_CONVO_PRO/CENTERLINE_000P_CONVO_PRO_POLISHED_LIP_5LUG.jpg,,,,,,,,,China,,,ATD,,,,15,10,5,120.7,0,,5/28/2021 20:25,6/14/2023 13:08
1-000P-51065-12,2,,,,CENTERLINE,000P-51065-12,8.48E+12,GTIN,,000P CONVO PRO,,P,15x10,15x10,5x114.3,5x114.3,,,,,Centerline 000P Convo Pro 15x10 5x114.3 -12et Polished Lip/Brushed Center Wheel,"Built by the pioneers of the wheel industry, the Center Line brand is defined by its foundation of superior quality, excellence of engineering and innovation. ?one piece cast wheels are now available for modern muscle, classic muscle, racing truck, street truck, and lifted truck applications. This new generation of wheels brings a fresh perspective in design innovation while encompassing the original classic elements that gave Center Line its name. The heritage advances in this reinvention.",,,,79,,,,,,,,0,,18,IN,18,IN,12.5,IN,15.55,LB,Polished Lip / Brushed Center,POLISHED,,0,0,,0,1525,5,-12,81,,,,,,,,,,,0,,,,,0,,https://tireandwheelimages.americantiredepot.net/tireandwheelimages/Wheel_Images/ATD/CENTERLINE/000P_CONVO_PRO/CENTERLINE_000P_CONVO_PRO_POLISHED_LIP_5LUG.jpg,,,,,,,,,China,,,ATD,,,,15,10,5,114.3,0,,5/28/2021 20:25,6/14/2023 13:08
1-000P-51065-55,2,,,,CENTERLINE,000P-51065-55,8.48E+12,GTIN,,000P CONVO PRO,,P,15x10,15x10,5x114.3,5x114.3,,,,,Centerline 000P Convo Pro 15x10 5x114.3 -55et Polished Lip/Brushed Center Wheel,"Built by the pioneers of the wheel industry, the Center Line brand is defined by its foundation of superior quality, excellence of engineering and innovation. ?one piece cast wheels are now available for modern muscle, classic muscle, racing truck, street truck, and lifted truck applications. This new generation of wheels brings a fresh perspective in design innovation while encompassing the original classic elements that gave Center Line its name. The heritage advances in this reinvention.",,,,79,,,,,,,,0,,18,IN,18,IN,12.5,IN,15.55,LB,Polished Lip / Brushed Center,POLISHED,,0,0,,0,1525,3.375,-55,81,,,,,,,,,,,0,,,,,0,,https://tireandwheelimages.americantiredepot.net/tireandwheelimages/Wheel_Images/ATD/CENTERLINE/000P_CONVO_PRO/CENTERLINE_000P_CONVO_PRO_POLISHED_LIP_5LUG.jpg,,,,,,,,,China,,,ATD,,,,15,10,5,114.3,0,,5/28/2021 20:25,6/14/2023 13:08
1-000P-54061-06,2,,,,CENTERLINE,000P-54061-06,8.48E+12,GTIN,,000P CONVO PRO,,P,15x4,15x4,5x120.7,5x120.7,,,,,Centerline 000P Convo Pro 15x4 5x120.7 -06et Polished Lip / Brushed Center Wheel,"Built by the pioneers of the wheel industry, the Center Line brand is defined by its foundation of superior quality, excellence of engineering and innovation. ?one piece cast wheels are now available for modern muscle, classic muscle, racing truck, street truck, and lifted truck applications. This new generation of wheels brings a fresh perspective in design innovation while encompassing the original classic elements that gave Center Line its name. The heritage advances in this reinvention.",,,,80,,,,,,,,0,,18,IN,18,IN,6,IN,12,LB,Polished Lip / Brushed Center,POLISHED,,0,0,,0,1525,2.31,-6,81,,,,,,,,,,,0,,,,,0,,https://tireandwheelimages.americantiredepot.net/tireandwheelimages/Wheel_Images/ATD/CENTERLINE/000P_CONVO_PRO/CENTERLINE_000P_CONVO_PRO_POLISHED_LIP_5LUG.jpg,,,,,,,,,China,,,ATD,,,,15,4,5,120.7,0,,5/28/2021 20:25,6/14/2023 13:08
1-000P-54065-06,2,,,,CENTERLINE,000P-54065-06,8.48E+12,GTIN,,000P CONVO PRO,,P,15x4,15x4,5x114.3,5x114.3,,,,,Centerline 000P Convo Pro 15x4 5x114.3 -06et Polished Lip / Brushed Center Wheel,"Built by the pioneers of the wheel industry, the Center Line brand is defined by its foundation of superior quality, excellence of engineering and innovation. ?one piece cast wheels are now available for modern muscle, classic muscle, racing truck, street truck, and lifted truck applications. This new generation of wheels brings a fresh perspective in design innovation while encompassing the original classic elements that gave Center Line its name. The heritage advances in this reinvention.",,,,80,,,,,,,,0,,18,IN,18,IN,6,IN,12,LB,Polished Lip / Brushed Center,POLISHED,,0,0,,0,1525,2.31,-6,81,,,,,,,,,,,0,,,,,0,,https://tireandwheelimages.americantiredepot.net/tireandwheelimages/Wheel_Images/ATD/CENTERLINE/000P_CONVO_PRO/CENTERLINE_000P_CONVO_PRO_POLISHED_LIP_5LUG.jpg,,,,,,,,,China,,,ATD,,,,15,4,5,114.3,0,,5/28/2021 20:25,6/14/2023 13:08
1-000P-57061-06,2,,,,CENTERLINE,000P-57061-06,8.48E+12,GTIN,,000P CONVO PRO,,P,15x7,15x7,5x120.7,5x120.7,,,,,Centerline 000P Convo Pro 15x7 5x120.7 -06et Polished Lip / Brushed Center Wheel,"Built by the pioneers of the wheel industry, the Center Line brand is defined by its foundation of superior quality, excellence of engineering and innovation. ?one piece cast wheels are now available for modern muscle, classic muscle, racing truck, street truck, and lifted truck applications. This new generation of wheels brings a fresh perspective in design innovation while encompassing the original classic elements that gave Center Line its name. The heritage advances in this reinvention.",,,,80,,,,,,,,0,,18,IN,18,IN,9.25,IN,14.15,LB,Polished Lip / Brushed Center,POLISHED,,0,0,,0,1525,3.76,-6,81,,,,,,,,,,,0,,,,,0,,https://tireandwheelimages.americantiredepot.net/tireandwheelimages/Wheel_Images/ATD/CENTERLINE/000P_CONVO_PRO/CENTERLINE_000P_CONVO_PRO_POLISHED_LIP_5LUG.jpg,,,,,,,,,China,,,ATD,,,,15,7,5,120.7,0,,5/28/2021 20:25,6/14/2023 13:08
1-000P-57065-06,2,,,,CENTERLINE,000P-57065-06,8.48E+12,GTIN,,000P CONVO PRO,,P,15x7,15x7,5x114.3,5x114.3,,,,,Centerline 000P Convo Pro 15x7 5x114.3 -06et Polished Lip / Brushed Center Wheel,"Built by the pioneers of the wheel industry, the Center Line brand is defined by its foundation of superior quality, excellence of engineering and innovation. ?one piece cast wheels are now available for modern muscle, classic muscle, racing truck, street truck, and lifted truck applications. This new generation of wheels brings a fresh perspective in design innovation while encompassing the original classic elements that gave Center Line its name. The heritage advances in this reinvention.",,,,80,,,,,,,,0,,18,IN,18,IN,9.25,IN,14.15,LB,Polished Lip / Brushed Center,POLISHED,,0,0,,0,1525,3.76,-6,81,,,,,,,,,,,0,,,,,0,,https://tireandwheelimages.americantiredepot.net/tireandwheelimages/Wheel_Images/ATD/CENTERLINE/000P_CONVO_PRO/CENTERLINE_000P_CONVO_PRO_POLISHED_LIP_5LUG.jpg,,,,,,,,,China,,,ATD,,,,15,7,5,114.3,0,,5/28/2021 20:25,6/14/2023 13:08
1-000P-58061+00,2,,,,CENTERLINE,000P-58061+00,8.48E+12,GTIN,,000P CONVO PRO,,P,15x8,15x8,5x120.7,5x120.7,,,,,CENTERLINE 000P CONVO PRO 15X8 5X120.7 +ET 81 POLISHED LIP / BRUSHED CENTER WHEEL,"Built by the pioneers of the wheel industry, the Center Line brand is defined by its foundation of superior quality, excellence of engineering and innovation. ​one piece cast wheels are now available for modern muscle, classic muscle, racing truck, street truck, and lifted truck applications. This new generation of wheels brings a fresh perspective in design innovation while encompassing the original classic elements that gave Center Line its name. The heritage advances in this reinvention.",,,,80,,,,,,,,0,,18,IN,18,IN,10.25,IN,14.95,LB,Polished Lip / Brushed Center,POLISHED,,0,0,,0,1525,4.5,,81,,,,,,,,,,,0,,,,,0,,https://tireandwheelimages.americantiredepot.net/tireandwheelimages/Wheel_Images/ATD/CENTERLINE/000P_CONVO_PRO/CENTERLINE_000P_CONVO_PRO_POLISHED_LIP_5LUG.jpg,,,,,,,,,,,,,,,,15,8,5,120.7,0,,5/28/2021 20:25,6/14/2023 13:08
1-000P-5806100,2,,,,CENTERLINE,000P-5806100,8.48E+12,GTIN,,,,,,15x8,,,,,,,Centerline 000P Convo Pro 15x8 5x120.7 00et Polished Lip Brushed Center Wheel,,,,,0,,,,,,,,0,,,,,,,,,,,,,0,0,,0,0,,,,,,,,,,,,,,0,,,,,0,,,,,,,,,,,,,,,,,,15,8,0,,0,,5/28/2021 20:25,6/14/2023 13:08
1-000P-58065+00,2,,,,CENTERLINE,000P-58065+00,8.48E+12,GTIN,,000P CONVO PRO,,P,15x8,15x8,5x114.3,5x114.3,,,,,CENTERLINE 000P CONVO PRO 15X8 5X114.3 +ET 81 POLISHED LIP / BRUSHED CENTER WHEEL,"Built by the pioneers of the wheel industry, the Center Line brand is defined by its foundation of superior quality, excellence of engineering and innovation. ​one piece cast wheels are now available for modern muscle, classic muscle, racing truck, street truck, and lifted truck applications. This new generation of wheels brings a fresh perspective in design innovation while encompassing the original classic elements that gave Center Line its name. The heritage advances in this reinvention.",,,,80,,,,,,,,0,,18,IN,18,IN,10.25,IN,14.95,LB,Polished Lip / Brushed Center,POLISHED,,0,0,,0,1525,4.5,,81,,,,,,,,,,,0,,,,,0,,https://tireandwheelimages.americantiredepot.net/tireandwheelimages/Wheel_Images/ATD/CENTERLINE/000P_CONVO_PRO/CENTERLINE_000P_CONVO_PRO_POLISHED_LIP_5LUG.jpg,,,,,,,,,,,,,,,,15,8,5,114.3,0,,5/28/2021 20:25,6/14/2023 13:08
1-000P-5806500,2,,,,CENTERLINE,000P-5806500,8.48E+12,GTIN,,,,,,15x8,,,,,,,Centerline 000P Convo Pro 15x8 5x114.3 00et Polished Lip Brushed Center Wheel,,,,,0,,,,,,,,0,,,,,,,,,,,,,0,0,,0,0,,,,,,,,,,,,,,0,,,,,0,,,,,,,,,,,,,,,,,,15,8,0,,0,,5/28/2021 20:25,6/14/2023 13:08
1-003-6668FBM,2,,,,ULTRA,003-6668FBM,8.42E+11,GTIN,,003FBM HUNTER DUALLY,,LT,16x6,16x6,6x180,6x180,,,,,Ultra 003FBM Hunter Dually 16x6 6x180 et Gloss Black W/ Milled Accents/ Wheel,"For more than 30 years, Ultra Wheel Company has been leading the industry by producing the most durable and precise custom wheels for trucks, SUVs, cars, and many other vehicles. Whether you",,,,77,,,,,,,,0,,18,IN,18,IN,8,IN,29,LB,GLOSS BLACK WITH MILLED ACCENTS AND CLEAR COAT,BLACK,,0,0,,0,2500,,110,138.8,,,,,,,,,,,0,,,,,0,,https://tireandwheelimages.americantiredepot.net/tireandwheelimages/Wheel_Images/ULTRA/003FBM_HUNTER_DUALLY/GLOSS_BLACK_FRONT_MILLED_ACCENTS.jpg,,,,,,,,,China,,,ATD,,,,16,6,6,180,0,,5/28/2021 20:25,6/14/2023 13:08
1-003-6668FC,2,,,,ULTRA,003-6668FC,8.42E+11,GTIN,,HUNTER VAN DUALLY,,LT,16x6,16x6,6x180,6x180,,,,,Ultra Hunter Van Dually 16x6 6x180 et Chrome wheel,,,,,50,,,,,,,,0,,18,IN,18,IN,8,IN,29,LB,CHROME,CHROME,,0,0,,0,0,,,138.8,,,,,,,,,,,0,,,,,0,,https://tireandwheelimages.americantiredepot.net/tireandwheelimages/Wheel_Images/ULTRA/003FBM_HUNTER_DUALLY/CHROME.jpg,,,,,,,,,,,,ATD,,,,16,6,6,180,0,,5/28/2021 20:25,6/14/2023 13:08
1-003-6668RBM,2,,,,ULTRA,003-6668RBM,8.42E+11,GTIN,,HUNTER 003BM,,LT,16x6,16x6,6x180,6x180,,,,,Ultra Hunter 003Bm 16x6 6x180 et Gloss Black / Milled Accents wheel,,,,,67,,,,,,,,0,,18,IN,18,IN,8,IN,29,LB,GLOSS BLACK / MILLED ACCENTS,BLACK,,0,0,,0,0,,,138.8,,,,,,,,,,,0,,,,,0,,https://tireandwheelimages.americantiredepot.net/tireandwheelimages/Wheel_Images/ULTRA/003FBM_HUNTER_DUALLY/GLOSS_BLACK_FRONT_MILLED_ACCENTS.jpg,,,,,,,,,,,,ATD,,,,16,6,6,180,0,,5/28/2021 20:25,6/14/2023 13:08
1-003-6668RC,2,,,,ULTRA,003-6668RC,8.42E+11,GTIN,,003C REAR,,LT,16x6,16x6,6x180,6x180,,,,,Ultra 003C Rear 16x6 6x180 et Chrome wheel,,,,,42,,,,,,,,0,,18,IN,18,IN,8,IN,29,LB,CHROME,CHROME,,0,0,,0,0,,,138.8,,,,,,,,,,,0,,,,,0,,https://tireandwheelimages.americantiredepot.net/tireandwheelimages/Wheel_Images/ULTRA/003FBM_HUNTER_DUALLY/CHROME.jpg,,,,,,,,,,,,ATD,,,,16,6,6,180,0,,5/28/2021 20:25,6/14/2023 13:08
1-003-6670FBM,2,,,,ULTRA,003-6670FBM,8.42E+11,GTIN,,003FBM HUNTER DUALLY,,LT,16x6,16x6,6x205,6x205,,,,,Ultra 003FBM Hunter Dually 16x6 6x205 +129et Gloss Black CNC Milled Wheel,"For more than 30 years, Ultra Wheel Company has been leading the industry by producing the most durable and precise custom wheels for trucks, SUVs, cars, and many other vehicles. Whether you",,,,73,,,,,,,,0,,18.5,IN,18.5,IN,8.5,IN,27,LB,Gloss Black CNC Milled Accents Clear Coat,Black,,0,0,,0,2500,7.83,129,161.1,,,,,,,,,,,0,,,,,0,,https://tireandwheelimages.americantiredepot.net/tireandwheelimages/Wheel_Images/ATD/ULTRA/003FBM_HUNTER_DUALLY/ULTRA_003FBM_HUNTER_DUALLY_GLOSS_BLACK_W_MILLED_ACCNTS&CLR_COAT.jpg,,,,,,,,,China,,,ATD,,,,16,6,6,205,0,,5/28/2021 20:25,6/14/2023 13:08
1-003-6670FC,2,,,,ULTRA,003-6670FC,8.42E+11,GTIN,,003FC HUNTER DUALLY,,LT,16x6,16x6,6x205,6x205,,,,,Ultra 003Fc Hunter Dually 16x6 6x205 +129et Chrome Plated Wheel,"For more than 30 years, Ultra Wheel Company has been leading the industry by producing the most durable and precise custom wheels for trucks, SUVs, cars, and many other vehicles. Whether you",,,,63,,,,,,,,0,,18.5,IN,18.5,IN,8.5,IN,27,LB,Chrome Plated,CHROME,,0,0,,0,2500,7.83,129,161.1,,,,,,,,,,,0,,,,,0,,https://tireandwheelimages.americantiredepot.net/tireandwheelimages/Wheel_Images/ATD/ULTRA/003FC_HUNTER_DUALLY/ULTRA_003FC_HUNTER_DUALLY_CHROME_PLATED.jpg,,,,,,,,,China,,,ATD,,,,16,6,6,205,0,,5/28/2021 20:25,6/14/2023 13:08
1-003-6670RBM,2,,,,ULTRA,003-6670RBM,8.42E+11,GTIN,,003RBM HUNTER DUALLY,,LT,16x6,16x6,6x205,6x205,,,,,Ultra 003RBM Hunter Dually 16x6 6x205 -140et Gloss Black CNC Milled Wheel,"For more than 30 years, Ultra Wheel Company has been leading the industry by producing the most durable and precise custom wheels for trucks, SUVs, cars, and many other vehicles. Whether you",,,,73,,,,,,,,0,,18.5,IN,18.5,IN,8.5,IN,29,LB,Gloss Black CNC Milled Accents Clear Coat,Black,,0,0,,0,2500,-1.64,-140,161.1,,,,,,,,,,,0,,,,,0,,https://tireandwheelimages.americantiredepot.net/tireandwheelimages/Wheel_Images/ATD/ULTRA/003RBM_HUNTER_DUALLY/ULTRA_003RBM_HUNTER_DUALLY_GLOSS_BLK_W_MILLED_ACCNTS&CLR_COAT.jpg,,,,,,,,,China,,,ATD,,,,16,6,6,205,0,,5/28/2021 20:25,6/14/2023 13:08
1-003-6670RC,2,,,,ULTRA,003-6670RC,8.42E+11,GTIN,,003RC HUNTER DUALLY,,LT,16x6,16x6,6x205,6x205,,,,,Ultra 003Rc Hunter Dually 16x6 6x205 -140et Chrome Plated Wheel,"For more than 30 years, Ultra Wheel Company has been leading the industry by producing the most durable and precise custom wheels for trucks, SUVs, cars, and many other vehicles. Whether you",,,,63,,,,,,,,0,,18.5,IN,18.5,IN,8.5,IN,29,LB,Chrome Plated,CHROME,,0,0,,0,2500,-1.64,-140,161.1,,,,,,,,,,,0,,,,,0,,https://tireandwheelimages.americantiredepot.net/tireandwheelimages/Wheel_Images/ATD/ULTRA/003RC_HUNTER_DUALLY/ULTRA_003RC_HUNTER_DUALLY_CHROME_PLATED.jpg,,,,,,,,,China,,,ATD,,,,16,6,6,205,0,,5/28/2021 20:25,6/14/2023 13:08
1-003-7681FBM,2,,,,ULTRA,003-7681FBM,8.42E+11,GTIN,,003FBM HUNTER DUALLY,,LT,17x6.5,17x6.5,8x165.1,8x165.1,,,,,Ultra 003FBM Hunter Dually 17x6.5 8x165.1 +129et Gloss Black CNC Milled Wheel,"For more than 30 years, Ultra Wheel Company has been leading the industry by producing the most durable and precise custom wheels for trucks, SUVs, cars, and many other vehicles. Whether you",,,,77,,,,,,,,0,,20.25,IN,20.25,IN,8.75,IN,34,LB,Gloss Black CNC Milled Accents Clear Coat,Black,,0,0,,0,3000,8.83,129,121.7,,,,,,,,,,,0,,,,,0,,https://tireandwheelimages.americantiredepot.net/tireandwheelimages/Wheel_Images/ATD/ULTRA/003FBM_HUNTER_DUALLY/ULTRA_003FBM_HUNTER_DUALLY_GLOSS_BLACK_W_MILLED_ACCNTS&CLR_COAT.jpg,,,,,,,,,China,,,ATD,,,,17,6.5,8,165.1,0,,5/28/2021 20:25,6/14/2023 13:08
1-003-7681FC,2,,,,ULTRA,003-7681FC,8.42E+11,GTIN,,003FC HUNTER DUALLY,,LT,17x6.5,17x6.5,8x165.1,8x165.1,,,,,Ultra 003Fc Hunter Dually 17x6.5 8x165.1 +129et Chrome Plated Wheel,"For more than 30 years, Ultra Wheel Company has been leading the industry by producing the most durable and precise custom wheels for trucks, SUVs, cars, and many other vehicles. Whether you",,,,67,,,,,,,,0,,20.25,IN,20.25,IN,8.75,IN,34,LB,Chrome Plated,CHROME,,0,0,,0,3000,8.83,129,121.7,,,,,,,,,,,0,,,,,0,,https://tireandwheelimages.americantiredepot.net/tireandwheelimages/Wheel_Images/ATD/ULTRA/003FC_HUNTER_DUALLY/ULTRA_003FC_HUNTER_DUALLY_CHROME_PLATED.jpg,,,,,,,,,China,,,ATD,,,,17,6.5,8,165.1,0,,5/28/2021 20:25,6/14/2023 13:08
1-003-7681RBM,2,,,,ULTRA,003-7681RBM,8.42E+11,GTIN,,003RBM HUNTER DUALLY,,LT,17x6.5,17x6.5,8x165.1,8x165.1,,,,,Ultra 003RBM Hunter Dually 17x6.5 8x165.1 -140et Gloss Black CNC Milled Wheel,"For more than 30 years, Ultra Wheel Company has been leading the industry by producing the most durable and precise custom wheels for trucks, SUVs, cars, and many other vehicles. Whether you",,,,77,,,,,,,,0,,20.25,IN,20.25,IN,8.75,IN,34,LB,Gloss Black CNC Milled Accents Clear Coat,Black,,0,0,,0,2500,-1.76,-140,121.7,,,,,,,,,,,0,,,,,0,,https://tireandwheelimages.americantiredepot.net/tireandwheelimages/Wheel_Images/ATD/ULTRA/003RBM_HUNTER_DUALLY/ULTRA_003RBM_HUNTER_DUALLY_GLOSS_BLK_W_MILLED_ACCNTS&CLR_COAT.jpg,,,,,,,,,China,,,ATD,,,,17,6.5,8,165.1,0,,5/28/2021 20:25,6/14/2023 13:08
1-003-7681RC,2,,,,ULTRA,003-7681RC,8.42E+11,GTIN,,003RC HUNTER DUALLY,,LT,17x6.5,17x6.5,8x165.1,8x165.1,,,,,Ultra 003Rc Hunter Dually 17x6.5 8x165.1 -140et Chrome Plated Wheel,"For more than 30 years, Ultra Wheel Company has been leading the industry by producing the most durable and precise custom wheels for trucks, SUVs, cars, and many other vehicles. Whether you",,,,67,,,,,,,,0,,20.25,IN,20.25,IN,8.75,IN,34,LB,Chrome Plated,CHROME,,0,0,,0,2500,-1.76,-140,121.7,,,,,,,,,,,0,,,,,0,,https://tireandwheelimages.americantiredepot.net/tireandwheelimages/Wheel_Images/ATD/ULTRA/003RC_HUNTER_DUALLY/ULTRA_003RC_HUNTER_DUALLY_CHROME_PLATED.jpg,,,,,,,,,China,,,ATD,,,,17,6.5,8,165.1,0,,5/28/2021 20:25,6/14/2023 13:08
1-003-7692FBM,2,,,,ULTRA,003-7692FBM,8.42E+11,GTIN,,003FBM HUNTER DUALLY,,LT,17x6.5,17x6.5,8x200,8x200,,,,,Ultra 003FBM Hunter Dually 17x6.5 8x200 +129et Gloss Black CNC Milled Wheel,"For more than 30 years, Ultra Wheel Company has been leading the industry by producing the most durable and precise custom wheels for trucks, SUVs, cars, and many other vehicles. Whether you",,,,75,,,,,,,,0,,20.25,IN,20.25,IN,8.75,IN,34,LB,Gloss Black CNC Milled Accents Clear Coat,Black,,0,0,,0,3000,8.83,129,142.3,,,,,,,,,,,0,,,,,0,,https://tireandwheelimages.americantiredepot.net/tireandwheelimages/Wheel_Images/ATD/ULTRA/003FBM_HUNTER_DUALLY/ULTRA_003FBM_HUNTER_DUALLY_GLOSS_BLACK_W_MILLED_ACCNTS&CLR_COAT.jpg,,,,,,,,,China,,,ATD,,,,17,6.5,8,200,0,,5/28/2021 20:25,6/14/2023 13:08
1-003-7692FC,2,,,,ULTRA,003-7692FC,8.42E+11,GTIN,,003FC HUNTER DUALLY,,LT,17x6.5,17x6.5,8x200,8x200,,,,,Ultra 003Fc Hunter Dually 17x6.5 8x200 +129et Chrome Plated Wheel,"For more than 30 years, Ultra Wheel Company has been leading the industry by producing the most durable and precise custom wheels for trucks, SUVs, cars, and many other vehicles. Whether you",,,,65,,,,,,,,0,,20.25,IN,20.25,IN,8.75,IN,34,LB,Chrome Plated,CHROME,,0,0,,0,3000,8.83,129,142.3,,,,,,,,,,,0,,,,,0,,https://tireandwheelimages.americantiredepot.net/tireandwheelimages/Wheel_Images/ATD/ULTRA/003FC_HUNTER_DUALLY/ULTRA_003FC_HUNTER_DUALLY_CHROME_PLATED.jpg,,,,,,,,,China,,,ATD,,,,17,6.5,8,200,0,,5/28/2021 20:25,6/14/2023 13:08
1-003-7692RBM,2,,,,ULTRA,003-7692RBM,8.42E+11,GTIN,,003RBM HUNTER DUALLY,,LT,17x6.5,17x6.5,8x200,8x200,,,,,Ultra 003RBM Hunter Dually 17x6.5 8x200 -140et Gloss Black CNC Milled Wheel,"For more than 30 years, Ultra Wheel Company has been leading the industry by producing the most durable and precise custom wheels for trucks, SUVs, cars, and many other vehicles. Whether you",,,,75,,,,,,,,0,,20.25,IN,20.25,IN,8.75,IN,34,LB,Gloss Black CNC Milled Accents Clear Coat,Black,,0,0,,0,2500,-1.76,-140,142.3,,,,,,,,,,,0,,,,,0,,https://tireandwheelimages.americantiredepot.net/tireandwheelimages/Wheel_Images/ATD/ULTRA/003RBM_HUNTER_DUALLY/ULTRA_003RBM_HUNTER_DUALLY_GLOSS_BLK_W_MILLED_ACCNTS&CLR_COAT.jpg,,,,,,,,,China,,,ATD,,,,17,6.5,8,200,0,,5/28/2021 20:25,6/14/2023 13:08
1-003-7692RC,2,,,,ULTRA,003-7692RC,8.42E+11,GTIN,,003RC HUNTER DUALLY,,LT,17x6.5,17x6.5,8x200,8x200,,,,,Ultra 003Rc Hunter Dually 17x6.5 8x200 -140et Chrome Plated Wheel,"For more than 30 years, Ultra Wheel Company has been leading the industry by producing the most durable and precise custom wheels for trucks, SUVs, cars, and many other vehicles. Whether you",,,,65,,,,,,,,0,,20.25,IN,20.25,IN,8.75,IN,34,LB,Chrome Plated,CHROME,,0,0,,0,2500,-1.76,-140,142.3,,,,,,,,,,,0,,,,,0,,https://tireandwheelimages.americantiredepot.net/tireandwheelimages/Wheel_Images/ATD/ULTRA/003RC_HUNTER_DUALLY/ULTRA_003RC_HUNTER_DUALLY_CHROME_PLATED.jpg,,,,,,,,,China,,,ATD,,,,17,6.5,8,200,0,,5/28/2021 20:25,6/14/2023 13:08
1-003-7699FBM,2,,,,ULTRA,003-7699FBM,8.42E+11,GTIN,,3,,LT,17x6.5,17x6.5,8x210,8x210,,,,,Ultra 003 17x6.5 8x210 +129et Gloss Black wheel,,,,,47,,,,,,,,0,,19,IN,19,IN,8.5,IN,30,LB,Gloss Black,Black,,0,0,,0,3000,8.83,129,154.3,,,,,,,,,,,0,,,,,0,,https://tireandwheelimages.americantiredepot.net/tireandwheelimages/Wheel_Images/ATD/ULTRA/003FBM_HUNTER_DUALLY/ULTRA_003FBM_HUNTER_DUALLY_GLOSS_BLACK_W_MILLED_ACCNTS&CLR_COAT.jpg,,,,,,,,,,,,,,,,17,6.5,8,210,0,,5/28/2021 20:25,6/14/2023 13:08
1-003-7699FC,2,,,,ULTRA,003-7699FC,8.42E+11,GTIN,,003FC HUNTER DUALLY,,LT,17x6.5,17x6.5,8x210,8x210,,,,,Ultra 003Fc Hunter Dually 17x6.5 8x210 +129et Chrome Plated Wheel,"For more than 30 years, Ultra Wheel Company has been leading the industry by producing the most durable and precise custom wheels for trucks, SUVs, cars, and many other vehicles. Whether you",,,,65,,,,,,,,0,,20.25,IN,20.25,IN,8.75,IN,34,LB,Chrome Plated,CHROME,,0,0,,0,3000,8.83,129,154.3,,,,,,,,,,,0,,,,,0,,https://tireandwheelimages.americantiredepot.net/tireandwheelimages/Wheel_Images/ATD/ULTRA/003FC_HUNTER_DUALLY/ULTRA_003FC_HUNTER_DUALLY_CHROME_PLATED.jpg,,,,,,,,,China,,,ATD,,,,17,6.5,8,210,0,,5/28/2021 20:25,6/14/2023 13:08
1-003-7699RBM,2,,,,ULTRA,003-7699RBM,8.42E+11,GTIN,,003RBM HUNTER DUALLY,,LT,17x6.5,17x6.5,8x210,8x210,,,,,Ultra 003RBM Hunter Dually 17x6.5 8x210 -140et Gloss Black CNC Milled Wheel,"For more than 30 years, Ultra Wheel Company has been leading the industry by producing the most durable and precise custom wheels for trucks, SUVs, cars, and many other vehicles. Whether you",,,,75,,,,,,,,0,,20.25,IN,20.25,IN,8.75,IN,34,LB,Gloss Black CNC Milled Accents Clear Coat,Black,,0,0,,0,2500,-1.76,-140,154.3,,,,,,,,,,,0,,,,,0,,https://tireandwheelimages.americantiredepot.net/tireandwheelimages/Wheel_Images/ATD/ULTRA/003RBM_HUNTER_DUALLY/ULTRA_003RBM_HUNTER_DUALLY_GLOSS_BLK_W_MILLED_ACCNTS&CLR_COAT.jpg,,,,,,,,,China,,,ATD,,,,17,6.5,8,210,0,,5/28/2021 20:25,6/14/2023 13:08
1-003-7699RC,2,,,,ULTRA,003-7699RC,8.42E+11,GTIN,,003RC HUNTER DUALLY,,LT,17x6.5,17x6.5,8x210,8x210,,,,,Ultra 003Rc Hunter Dually 17x6.5 8x210 -140et Chrome Plated Wheel,"For more than 30 years, Ultra Wheel Company has been leading the industry by producing the most durable and precise custom wheels for trucks, SUVs, cars, and many other vehicles. Whether you",,,,65,,,,,,,,0,,20.25,IN,20.25,IN,8.75,IN,34,LB,Chrome Plated,CHROME,,0,0,,0,2500,-1.76,-140,154.3,,,,,,,,,,,0,,,,,0,,https://tireandwheelimages.americantiredepot.net/tireandwheelimages/Wheel_Images/ATD/ULTRA/003RC_HUNTER_DUALLY/ULTRA_003RC_HUNTER_DUALLY_CHROME_PLATED.jpg,,,,,,,,,China,,,ATD,,,,17,6.5,8,210,0,,5/28/2021 20:25,6/14/2023 13:08
1-005P-51061-16,2,,,,CENTERLINE,005P-51061-16,8.48E+12,GTIN,,005P AUTO DRAG,,P,15x10,15x10,5x120.7,5x120.7,,,,,Centerline 005P Auto Drag 15x10 5x120.7 -16et Polished Lip/Brushed Center Wheel,"Built by the pioneers of the wheel industry, the Center Line brand is defined by its foundation of superior quality, excellence of engineering and innovation. ?one piece cast wheels are now available for modern muscle, classic muscle, racing truck, street truck, and lifted truck applications. This new generation of wheels brings a fresh perspective in design innovation while encompassing the original classic elements that gave Center Line its name. The heritage advances in this reinvention.",,,,79,,,,,,,,0,,18,IN,18,IN,12.5,IN,18.75,LB,Polished Lip / Brushed Center,POLISHED,,0,0,,0,1525,4.87,-16,81,,,,,,,,,,,0,,,,,0,,https://tireandwheelimages.americantiredepot.net/tireandwheelimages/Wheel_Images/ATD/CENTERLINE/005P_AUTO_DRAG/CENTERLINE_005P_AUTO_DRAG_POLISHED_LIP_5LUG.jpg,,,,,,,,,China,,,ATD,,,,15,10,5,120.7,0,,5/28/2021 20:25,6/14/2023 13:08
1-005P-51061-56,2,,,,CENTERLINE,005P-51061-56,8.48E+12,GTIN,,005P AUTO DRAG,,P,15x10,15x10,5x120.7,5x120.7,,,,,Centerline 005P Auto Drag 15x10 5x120.7 -56et Polished Lip/Brushed Center Wheel,"Built by the pioneers of the wheel industry, the Center Line brand is defined by its foundation of superior quality, excellence of engineering and innovation. ?one piece cast wheels are now available for modern muscle, classic muscle, racing truck, street truck, and lifted truck applications. This new generation of wheels brings a fresh perspective in design innovation while encompassing the original classic elements that gave Center Line its name. The heritage advances in this reinvention.",,,,79,,,,,,,,0,,18,IN,18,IN,12.5,IN,18.75,LB,Polished Lip / Brushed Center,POLISHED,,0,0,,0,1525,3.31,-56,81,,,,,,,,,,,0,,,,,0,,https://tireandwheelimages.americantiredepot.net/tireandwheelimages/Wheel_Images/ATD/CENTERLINE/005P_AUTO_DRAG/CENTERLINE_005P_AUTO_DRAG_POLISHED_LIP_5LUG.jpg,,,,,,,,,China,,,ATD,,,,15,10,5,120.7,0,,5/28/2021 20:25,6/14/2023 13:08
1-005P-51065-16,2,,,,CENTERLINE,005P-51065-16,8.48E+12,GTIN,,005P AUTO DRAG,,P,15x10,15x10,5x114.3,5x114.3,,,,,Centerline 005P Auto Drag 15x10 5x114.3 -16et Polished Lip/Brushed Center Wheel,"Built by the pioneers of the wheel industry, the Center Line brand is defined by its foundation of superior quality, excellence of engineering and innovation. ?one piece cast wheels are now available for modern muscle, classic muscle, racing truck, street truck, and lifted truck applications. This new generation of wheels brings a fresh perspective in design innovation while encompassing the original classic elements that gave Center Line its name. The heritage advances in this reinvention.",,,,79,,,,,,,,0,,18,IN,18,IN,12.5,IN,18.75,LB,Polished Lip / Brushed Center,POLISHED,,0,0,,0,1525,4.87,-16,81,,,,,,,,,,,0,,,,,0,,https://tireandwheelimages.americantiredepot.net/tireandwheelimages/Wheel_Images/ATD/CENTERLINE/005P_AUTO_DRAG/CENTERLINE_005P_AUTO_DRAG_POLISHED_LIP_5LUG.jpg,,,,,,,,,China,,,ATD,,,,15,10,5,114.3,0,,5/28/2021 20:25,6/14/2023 13:08
1-005P-51065-56,2,,,,CENTERLINE,005P-51065-56,8.48E+12,GTIN,,005P AUTO DRAG,,P,15x10,15x10,5x114.3,5x114.3,,,,,Centerline 005P Auto Drag 15x10 5x114.3 -56et Polished Lip/Brushed Center Wheel,"Built by the pioneers of the wheel industry, the Center Line brand is defined by its foundation of superior quality, excellence of engineering and innovation. ?one piece cast wheels are now available for modern muscle, classic muscle, racing truck, street truck, and lifted truck applications. This new generation of wheels brings a fresh perspective in design innovation while encompassing the original classic elements that gave Center Line its name. The heritage advances in this reinvention.",,,,79,,,,,,,,0,,18,IN,18,IN,12.5,IN,18.75,LB,Polished Lip / Brushed Center,POLISHED,,0,0,,0,1525,3.31,-56,81,,,,,,,,,,,0,,,,,0,,https://tireandwheelimages.americantiredepot.net/tireandwheelimages/Wheel_Images/ATD/CENTERLINE/005P_AUTO_DRAG/CENTERLINE_005P_AUTO_DRAG_POLISHED_LIP_5LUG.jpg,,,,,,,,,China,,,ATD,,,,15,10,5,114.3,0,,5/28/2021 20:25,6/14/2023 13:08
1-005P-53561-15,2,,,,CENTERLINE,005P-53561-15,8.48E+12,GTIN,,005P AUTO DRAG,,P,15x3.5,15x3.5,5x120.7,5x120.7,,,,,Centerline 005P Auto Drag 15x3.5 5x120.7 -15et Polished Lip/Brushed Center Wheel,"Built by the pioneers of the wheel industry, the Center Line brand is defined by its foundation of superior quality, excellence of engineering and innovation. ?one piece cast wheels are now available for modern muscle, classic muscle, racing truck, street truck, and lifted truck applications. This new generation of wheels brings a fresh perspective in design innovation while encompassing the original classic elements that gave Center Line its name. The heritage advances in this reinvention.",,,,80,,,,,,,,0,,18,IN,18,IN,6,IN,13.65,LB,Polished Lip / Brushed Center,POLISHED,,0,0,,0,1525,1.65,-15,81,,,,,,,,,,,0,,,,,0,,https://tireandwheelimages.americantiredepot.net/tireandwheelimages/Wheel_Images/ATD/CENTERLINE/005P_AUTO_DRAG/CENTERLINE_005P_AUTO_DRAG_POLISHED_LIP_5LUG.jpg,,,,,,,,,China,,,ATD,,,,15,3.5,5,120.7,0,,5/28/2021 20:25,6/14/2023 13:08
1-005P-53565-15,2,,,,CENTERLINE,005P-53565-15,8.48E+12,GTIN,,005P AUTO DRAG,,P,15x3.5,15x3.5,5x114.3,5x114.3,,,,,Centerline 005P Auto Drag 15x3.5 5x114.3 -15et Polished Lip/Brushed Center Wheel,"Built by the pioneers of the wheel industry, the Center Line brand is defined by its foundation of superior quality, excellence of engineering and innovation. ?one piece cast wheels are now available for modern muscle, classic muscle, racing truck, street truck, and lifted truck applications. This new generation of wheels brings a fresh perspective in design innovation while encompassing the original classic elements that gave Center Line its name. The heritage advances in this reinvention.",,,,80,,,,,,,,0,,18,IN,18,IN,6,IN,13.65,LB,Polished Lip / Brushed Center,POLISHED,,0,0,,0,1525,1.65,-15,81,,,,,,,,,,,0,,,,,0,,https://tireandwheelimages.americantiredepot.net/tireandwheelimages/Wheel_Images/ATD/CENTERLINE/005P_AUTO_DRAG/CENTERLINE_005P_AUTO_DRAG_POLISHED_LIP_5LUG.jpg,,,,,,,,,China,,,ATD,,,,15,3.5,5,114.3,0,,5/28/2021 20:25,6/14/2023 13:08
1-005P-57061-06,2,,,,CENTERLINE,005P-57061-06,8.48E+12,GTIN,,005P AUTO DRAG,,P,15x7,15x7,5x120.7,5x120.7,,,,,Centerline 005P Auto Drag 15x7 5x120.7 -06et Polished Lip / Brushed Center Wheel,"Built by the pioneers of the wheel industry, the Center Line brand is defined by its foundation of superior quality, excellence of engineering and innovation. ?one piece cast wheels are now available for modern muscle, classic muscle, racing truck, street truck, and lifted truck applications. This new generation of wheels brings a fresh perspective in design innovation while encompassing the original classic elements that gave Center Line its name. The heritage advances in this reinvention.",,,,80,,,,,,,,0,,18,IN,18,IN,9.25,IN,15.23,LB,Polished Lip / Brushed Center,POLISHED,,0,0,,0,1525,3.76,-6,81,,,,,,,,,,,0,,,,,0,,https://tireandwheelimages.americantiredepot.net/tireandwheelimages/Wheel_Images/ATD/CENTERLINE/005P_AUTO_DRAG/CENTERLINE_005P_AUTO_DRAG_POLISHED_LIP_5LUG.jpg,,,,,,,,,China,,,ATD,,,,15,7,5,120.7,0,,5/28/2021 20:25,6/14/2023 13:08
1-005P-57065-06,2,,,,CENTERLINE,005P-57065-06,8.48E+12,GTIN,,005P AUTO DRAG,,P,15x7,15x7,5x114.3,5x114.3,,,,,Centerline 005P Auto Drag 15x7 5x114.3 -06et Polished Lip / Brushed Center Wheel,"Built by the pioneers of the wheel industry, the Center Line brand is defined by its foundation of superior quality, excellence of engineering and innovation. ?one piece cast wheels are now available for modern muscle, classic muscle, racing truck, street truck, and lifted truck applications. This new generation of wheels brings a fresh perspective in design innovation while encompassing the original classic elements that gave Center Line its name. The heritage advances in this reinvention.",,,,80,,,,,,,,0,,18,IN,18,IN,9.25,IN,15.23,LB,Polished Lip / Brushed Center,POLISHED,,0,0,,0,1525,3.76,-6,81,,,,,,,,,,,0,,,,,0,,https://tireandwheelimages.americantiredepot.net/tireandwheelimages/Wheel_Images/ATD/CENTERLINE/005P_AUTO_DRAG/CENTERLINE_005P_AUTO_DRAG_POLISHED_LIP_5LUG.jpg,,,,,,,,,China,,,ATD,,,,15,7,5,114.3,0,,5/28/2021 20:25,6/14/2023 13:08
1-005P-58561-37,2,,,,CENTERLINE,005P-58561-37,8.48E+12,GTIN,,005P AUTO DRAG,,P,15x8.5,15x8.5,5x120.7,5x120.7,,,,,Centerline 005P Auto Drag 15x8.5 5x120.7 -37et Polished Lip/Brushed Center Wheel,"Built by the pioneers of the wheel industry, the Center Line brand is defined by its foundation of superior quality, excellence of engineering and innovation. ?one piece cast wheels are now available for modern muscle, classic muscle, racing truck, street truck, and lifted truck applications. This new generation of wheels brings a fresh perspective in design innovation while encompassing the original classic elements that gave Center Line its name. The heritage advances in this reinvention.",,,,80,,,,,,,,0,,18,IN,18,IN,11,IN,16.9,LB,Polished Lip / Brushed Center,POLISHED,,0,0,,0,1525,3.31,-37,81,,,,,,,,,,,0,,,,,0,,https://tireandwheelimages.americantiredepot.net/tireandwheelimages/Wheel_Images/ATD/CENTERLINE/005P_AUTO_DRAG/CENTERLINE_005P_AUTO_DRAG_POLISHED_LIP_5LUG.jpg,,,,,,,,,China,,,ATD,,,,15,8.5,5,120.7,0,,5/28/2021 20:25,6/14/2023 13:08
1-005P-58561+03,2,,,,CENTERLINE,005P-58561+03,8.48E+12,GTIN,,005P AUTO DRAG,,P,15x8.5,15x8.5,5x120.7,5x120.7,,,,,CENTERLINE 005P AUTO DRAG 15X8.5 5X120.7 +3ET 81CB POLISHED LIP / BRUSHED CENTER WHEEL,"Built by the pioneers of the wheel industry, the Center Line brand is defined by its foundation of superior quality, excellence of engineering and innovation. ​one piece cast wheels are now available for modern muscle, classic muscle, racing truck, street truck, and lifted truck applications. This new generation of wheels brings a fresh perspective in design innovation while encompassing the original classic elements that gave Center Line its name. The heritage advances in this reinvention.",,,,80,,,,,,,,0,,18,IN,18,IN,11,IN,16.9,LB,Polished Lip / Brushed Center,POLISHED,,0,0,,0,1525,4.87,3,81,,,,,,,,,,,0,,,,,0,,https://tireandwheelimages.americantiredepot.net/tireandwheelimages/Wheel_Images/ATD/CENTERLINE/005P_AUTO_DRAG/CENTERLINE_005P_AUTO_DRAG_POLISHED_LIP_5LUG.jpg,,,,,,,,,,,,,,,,15,8.5,5,120.7,0,,5/28/2021 20:25,6/14/2023 13:08
1-005P-5856103,2,,,,CENTERLINE,005P-5856103,8.48E+12,GTIN,,,,,,15x8.5,,,,,,,Centerline 005P Auto Drag 15x8.5 5x120.7 03et Polished LipBrushed Center Wheel,,,,,0,,,,,,,,0,,,,,,,,,,,,,0,0,,0,0,,,,,,,,,,,,,,0,,,,,0,,,,,,,,,,,,,,,,,,15,8.5,0,,0,,5/28/2021 20:25,6/14/2023 13:08
1-005P-58565-37,2,,,,CENTERLINE,005P-58565-37,8.48E+12,GTIN,,005P AUTO DRAG,,P,15x8.5,15x8.5,5x114.3,5x114.3,,,,,Centerline 005P Auto Drag 15x8.5 5x114.3 -37et Polished Lip/Brushed Center Wheel,"Built by the pioneers of the wheel industry, the Center Line brand is defined by its foundation of superior quality, excellence of engineering and innovation. ?one piece cast wheels are now available for modern muscle, classic muscle, racing truck, street truck, and lifted truck applications. This new generation of wheels brings a fresh perspective in design innovation while encompassing the original classic elements that gave Center Line its name. The heritage advances in this reinvention.",,,,80,,,,,,,,0,,18,IN,18,IN,11,IN,16.9,LB,Polished Lip / Brushed Center,POLISHED,,0,0,,0,1525,3.31,-37,81,,,,,,,,,,,0,,,,,0,,https://tireandwheelimages.americantiredepot.net/tireandwheelimages/Wheel_Images/ATD/CENTERLINE/005P_AUTO_DRAG/CENTERLINE_005P_AUTO_DRAG_POLISHED_LIP_5LUG.jpg,,,,,,,,,China,,,ATD,,,,15,8.5,5,114.3,0,,5/28/2021 20:25,6/14/2023 13:08
1-005P-58565+03,2,,,,CENTERLINE,005P-58565+03,8.48E+12,GTIN,,005P AUTO DRAG,,P,15x8.5,15x8.5,5x114.3,5x114.3,,,,,CENTERLINE 005P AUTO DRAG 15X8.5 5X114.3 +3ET 81CB POLISHED LIP / BRUSHED CENTER WHEEL,"Built by the pioneers of the wheel industry, the Center Line brand is defined by its foundation of superior quality, excellence of engineering and innovation. ​one piece cast wheels are now available for modern muscle, classic muscle, racing truck, street truck, and lifted truck applications. This new generation of wheels brings a fresh perspective in design innovation while encompassing the original classic elements that gave Center Line its name. The heritage advances in this reinvention.",,,,80,,,,,,,,0,,18,IN,18,IN,11,IN,16.9,LB,Polished Lip / Brushed Center,POLISHED,,0,0,,0,1525,4.87,3,81,,,,,,,,,,,0,,,,,0,,https://tireandwheelimages.americantiredepot.net/tireandwheelimages/Wheel_Images/ATD/CENTERLINE/005P_AUTO_DRAG/CENTERLINE_005P_AUTO_DRAG_POLISHED_LIP_5LUG.jpg,,,,,,,,,,,,,,,,15,8.5,5,114.3,0,,5/28/2021 20:25,6/14/2023 13:08
1-005P-5856503,2,,,,CENTERLINE,005P-5856503,8.48E+12,GTIN,,,,,,15x8.5,,,,,,,Centerline 005P Auto Drag 15x8.5 5x114.3 03et Polished LipBrushed Center Wheel,,,,,0,,,,,,,,0,,,,,,,,,,,,,0,0,,0,0,,,,,,,,,,,,,,0,,,,,0,,,,,,,,,,,,,,,,,,15,8.5,0,,0,,5/28/2021 20:25,6/14/2023 13:08
1-017-6681FBM,2,,,,ULTRA,017-6681FBM,8.42E+11,GTIN,,017FBM WARLOCK DUALLY,,LT,16x6,16x6,8x165.1,8x165.1,,,,,Ultra 017FBM Warlock Dually 16x6 8x165.1 +102et Gloss Black Wheel,"For more than 30 years, Ultra Wheel Company has been leading the industry by producing the most durable and precise custom wheels for trucks, SUVs, cars, and many other vehicles. Whether you",,,,65,,,,,,,,0,,18.5,IN,18.5,IN,8.5,IN,28,LB,Gloss Black,BLACK,,0,0,,0,3000,7.52,102,121.7,,,,,,,,,,,0,,,,,0,,https://tireandwheelimages.americantiredepot.net/tireandwheelimages/Wheel_Images/ATD/ULTRA/017FBM_WARLOCK_DUALLY/ULTRA_017FBM_WARLOCK_DUALLY_GLOSS_BLACK.jpg,,,,,,,,,China,,,ATD,,,,16,6,8,165.1,0,,5/28/2021 20:25,6/14/2023 13:08
1-017-6681FBZ,2,,,,ULTRA,017-6681FBZ,8.42E+11,GTIN,,017FBZ WARLOCK DUALLY,,LT,16x6,16x6,8x165.1,8x165.1,,,,,Ultra 017FBZ Warlock Dually 16x6 8x165.1 +102et Dark Satin Bronze Wheel,"For more than 30 years, Ultra Wheel Company has been leading the industry by producing the most durable and precise custom wheels for trucks, SUVs, cars, and many other vehicles. Whether you",,,,71,,,,,,,,0,,18.5,IN,18.5,IN,8.5,IN,28,LB,Dark Satin Bronze,BRONZE,,0,0,,0,3000,7.52,102,121.7,,,,,,,,,,,0,,,,,0,,https://tireandwheelimages.americantiredepot.net/tireandwheelimages/Wheel_Images/ATD/ULTRA/017FBZ_WARLOCK_DUALLY/ULTRA_017FBZ_WARLOCK_DUALLY_DARK_SATIN_BRONZE.jpg,,,,,,,,,China,,,ATD,,,,16,6,8,165.1,0,,5/28/2021 20:25,6/14/2023 13:08
1-017-6681RBM,2,,,,ULTRA,017-6681RBM,8.42E+11,GTIN,,017RBM WARLOCK DUALLY,,LT,16x6,16x6,8x165.1,8x165.1,,,,,Ultra 017RBM Warlock Dually 16x6 8x165.1 -140et Gloss Black Wheel,"For more than 30 years, Ultra Wheel Company has been leading the industry by producing the most durable and precise custom wheels for trucks, SUVs, cars, and many other vehicles. Whether you",,,,65,,,,,,,,0,,18.5,IN,18.5,IN,8.5,IN,32,LB,Gloss Black,BLACK,,0,0,,0,2500,-2.01,-140,121.7,,,,,,,,,,,0,,,,,0,,https://tireandwheelimages.americantiredepot.net/tireandwheelimages/Wheel_Images/ATD/ULTRA/017RBM_WARLOCK_DUALLY/ULTRA_017RBM_WARLOCK_DUALLY_GLOSS_BLACK.jpg,,,,,,,,,China,,,ATD,,,,16,6,8,165.1,0,,5/28/2021 20:25,6/14/2023 13:08
1-017-6681RBZ,2,,,,ULTRA,017-6681RBZ,8.42E+11,GTIN,,017RBZ WARLOCK DUALLY,,LT,16x6,16x6,8x165.1,8x165.1,,,,,Ultra 017RBZ Warlock Dually 16x6 8x165.1 -140et Dark Satin Bronze Wheel,"For more than 30 years, Ultra Wheel Company has been leading the industry by producing the most durable and precise custom wheels for trucks, SUVs, cars, and many other vehicles. Whether you",,,,71,,,,,,,,0,,18.5,IN,18.5,IN,8.5,IN,32,LB,Dark Satin Bronze,BRONZE,,0,0,,0,2500,-2.01,-140,121.7,,,,,,,,,,,0,,,,,0,,https://tireandwheelimages.americantiredepot.net/tireandwheelimages/Wheel_Images/ATD/ULTRA/017RBZ_WARLOCK_DUALLY/ULTRA_017RBZ_WARLOCK_DUALLY_DARK_SATIN_BRONZE.jpg,,,,,,,,,China,,,ATD,,,,16,6,8,165.1,0,,5/28/2021 20:25,6/14/2023 13:08
1-017-6687FBM,2,,,,ULTRA,017-6687FBM,8.42E+11,GTIN,,017FBM WARLOCK DUALLY,,LT,16x6,16x6,8x170,8x170,,,,,Ultra 017FBM Warlock Dually 16x6 8x170 +102et Gloss Black Wheel,"For more than 30 years, Ultra Wheel Company has been leading the industry by producing the most durable and precise custom wheels for trucks, SUVs, cars, and many other vehicles. Whether you",,,,63,,,,,,,,0,,18.5,IN,18.5,IN,8.5,IN,28,LB,Gloss Black,BLACK,,0,0,,0,3000,7.52,102,125.2,,,,,,,,,,,0,,,,,0,,https://tireandwheelimages.americantiredepot.net/tireandwheelimages/Wheel_Images/ATD/ULTRA/017FBM_WARLOCK_DUALLY/ULTRA_017FBM_WARLOCK_DUALLY_GLOSS_BLACK.jpg,,,,,,,,,China,,,ATD,,,,16,6,8,170,0,,5/28/2021 20:25,6/14/2023 13:08
1-017-6687FBZ,2,,,,ULTRA,017-6687FBZ,8.42E+11,GTIN,,017FBZ WARLOCK DUALLY,,LT,16x6,16x6,8x170,8x170,,,,,Ultra 017FBZ Warlock Dually 16x6 8x170 +102et Dark Satin Bronze Wheel,"For more than 30 years, Ultra Wheel Company has been leading the industry by producing the most durable and precise custom wheels for trucks, SUVs, cars, and many other vehicles. Whether you",,,,69,,,,,,,,0,,18.5,IN,18.5,IN,8.5,IN,28,LB,Dark Satin Bronze,BRONZE,,0,0,,0,3000,7.52,102,125.2,,,,,,,,,,,0,,,,,0,,https://tireandwheelimages.americantiredepot.net/tireandwheelimages/Wheel_Images/ATD/ULTRA/017FBZ_WARLOCK_DUALLY/ULTRA_017FBZ_WARLOCK_DUALLY_DARK_SATIN_BRONZE.jpg,,,,,,,,,China,,,ATD,,,,16,6,8,170,0,,5/28/2021 20:25,6/14/2023 13:08
1-017-6687RBM,2,,,,ULTRA,017-6687RBM,8.42E+11,GTIN,,017RBM WARLOCK DUALLY,,LT,16x6,16x6,8x170,8x170,,,,,Ultra 017RBM Warlock Dually 16x6 8x170 -140et Gloss Black Wheel,"For more than 30 years, Ultra Wheel Company has been leading the industry by producing the most durable and precise custom wheels for trucks, SUVs, cars, and many other vehicles. Whether you",,,,63,,,,,,,,0,,18.5,IN,18.5,IN,8.5,IN,32,LB,Gloss Black,BLACK,,0,0,,0,2500,-2.01,-140,125.2,,,,,,,,,,,0,,,,,0,,https://tireandwheelimages.americantiredepot.net/tireandwheelimages/Wheel_Images/ATD/ULTRA/017RBM_WARLOCK_DUALLY/ULTRA_017RBM_WARLOCK_DUALLY_GLOSS_BLACK.jpg,,,,,,,,,China,,,ATD,,,,16,6,8,170,0,,5/28/2021 20:25,6/14/2023 13:08
1-017-6687RBZ,2,,,,ULTRA,017-6687RBZ,8.42E+11,GTIN,,017RBZ WARLOCK DUALLY,,LT,16x6,16x6,8x170,8x170,,,,,Ultra 017RBZ Warlock Dually 16x6 8x170 -140et Dark Satin Bronze Wheel,"For more than 30 years, Ultra Wheel Company has been leading the industry by producing the most durable and precise custom wheels for trucks, SUVs, cars, and many other vehicles. Whether you",,,,69,,,,,,,,0,,18.5,IN,18.5,IN,8.5,IN,32,LB,Dark Satin Bronze,BRONZE,,0,0,,0,2500,-2.01,-140,125.2,,,,,,,,,,,0,,,,,0,,https://tireandwheelimages.americantiredepot.net/tireandwheelimages/Wheel_Images/ATD/ULTRA/017RBZ_WARLOCK_DUALLY/ULTRA_017RBZ_WARLOCK_DUALLY_DARK_SATIN_BRONZE.jpg,,,,,,,,,China,,,ATD,,,,16,6,8,170,0,,5/28/2021 20:25,6/14/2023 13:08
1-017-7681FBM,2,,,,ULTRA,017-7681FBM,8.42E+11,GTIN,,017FBM WARLOCK DUALLY,,LT,17x6.5,17x6.5,8x165.1,8x165.1,,,,,Ultra 017FBM Warlock Dually 17x6.5 8x165.1 +129et Gloss Black Wheel,"For more than 30 years, Ultra Wheel Company has been leading the industry by producing the most durable and precise custom wheels for trucks, SUVs, cars, and many other vehicles. Whether you",,,,67,,,,,,,,0,,20.25,IN,20.25,IN,8.75,IN,34,LB,Gloss Black,BLACK,,0,0,,0,3000,8.83,129,121.7,,,,,,,,,,,0,,,,,0,,https://tireandwheelimages.americantiredepot.net/tireandwheelimages/Wheel_Images/ATD/ULTRA/017FBM_WARLOCK_DUALLY/ULTRA_017FBM_WARLOCK_DUALLY_GLOSS_BLACK.jpg,,,,,,,,,China,,,ATD,,,,17,6.5,8,165.1,0,,5/28/2021 20:25,6/14/2023 13:08
1-017-7681FBZ,2,,,,ULTRA,017-7681FBZ,8.42E+11,GTIN,,017FBZ WARLOCK DUALLY,,LT,17x6.5,17x6.5,8x165.1,8x165.1,,,,,Ultra 017FBZ Warlock Dually 17x6.5 8x165.1 +129et Dark Satin Bronze Wheel,"For more than 30 years, Ultra Wheel Company has been leading the industry by producing the most durable and precise custom wheels for trucks, SUVs, cars, and many other vehicles. Whether you",,,,73,,,,,,,,0,,20.25,IN,20.25,IN,8.75,IN,34,LB,Dark Satin Bronze,BRONZE,,0,0,,0,3000,8.83,129,121.7,,,,,,,,,,,0,,,,,0,,https://tireandwheelimages.americantiredepot.net/tireandwheelimages/Wheel_Images/ATD/ULTRA/017FBZ_WARLOCK_DUALLY/ULTRA_017FBZ_WARLOCK_DUALLY_DARK_SATIN_BRONZE.jpg,,,,,,,,,China,,,ATD,,,,17,6.5,8,165.1,0,,5/28/2021 20:25,6/14/2023 13:08
1-017-7681RBM,2,,,,ULTRA,017-7681RBM,8.42E+11,GTIN,,017RBM WARLOCK DUALLY,,LT,17x6.5,17x6.5,8x165.1,8x165.1,,,,,Ultra 017RBM Warlock Dually 17x6.5 8x165.1 -140et Gloss Black Wheel,"For more than 30 years, Ultra Wheel Company has been leading the industry by producing the most durable and precise custom wheels for trucks, SUVs, cars, and many other vehicles. Whether you",,,,67,,,,,,,,0,,20.25,IN,20.25,IN,8.75,IN,36,LB,Gloss Black,BLACK,,0,0,,0,2500,-1.76,-140,121.7,,,,,,,,,,,0,,,,,0,,https://tireandwheelimages.americantiredepot.net/tireandwheelimages/Wheel_Images/ATD/ULTRA/017RBM_WARLOCK_DUALLY/ULTRA_017RBM_WARLOCK_DUALLY_GLOSS_BLACK.jpg,,,,,,,,,China,,,ATD,,,,17,6.5,8,165.1,0,,5/28/2021 20:25,6/14/2023 13:08
1-017-7681RBZ,2,,,,ULTRA,017-7681RBZ,8.42E+11,GTIN,,017RBZ WARLOCK DUALLY,,LT,17x6.5,17x6.5,8x165.1,8x165.1,,,,,Ultra 017RBZ Warlock Dually 17x6.5 8x165.1 -140et Dark Satin Bronze Wheel,"For more than 30 years, Ultra Wheel Company has been leading the industry by producing the most durable and precise custom wheels for trucks, SUVs, cars, and many other vehicles. Whether you",,,,73,,,,,,,,0,,20.25,IN,20.25,IN,8.75,IN,36,LB,Dark Satin Bronze,BRONZE,,0,0,,0,2500,-1.76,-140,121.7,,,,,,,,,,,0,,,,,0,,https://tireandwheelimages.americantiredepot.net/tireandwheelimages/Wheel_Images/ATD/ULTRA/017RBZ_WARLOCK_DUALLY/ULTRA_017RBZ_WARLOCK_DUALLY_DARK_SATIN_BRONZE.jpg,,,,,,,,,China,,,ATD,,,,17,6.5,8,165.1,0,,5/28/2021 20:25,6/14/2023 13:08
1-017-7692FBM,2,,,,ULTRA,017-7692FBM,8.42E+11,GTIN,,017FBM WARLOCK DUALLY,,LT,17x6.5,17x6.5,8x200,8x200,,,,,Ultra 017FBM Warlock Dually 17x6.5 8x200 +129et Gloss Black Wheel,"For more than 30 years, Ultra Wheel Company has been leading the industry by producing the most durable and precise custom wheels for trucks, SUVs, cars, and many other vehicles. Whether you",,,,65,,,,,,,,0,,20.25,IN,20.25,IN,8.75,IN,34,LB,Gloss Black,BLACK,,0,0,,0,3000,8.83,129,142.3,,,,,,,,,,,0,,,,,0,,https://tireandwheelimages.americantiredepot.net/tireandwheelimages/Wheel_Images/ATD/ULTRA/017FBM_WARLOCK_DUALLY/ULTRA_017FBM_WARLOCK_DUALLY_GLOSS_BLACK.jpg,,,,,,,,,China,,,ATD,,,,17,6.5,8,200,0,,5/28/2021 20:25,6/14/2023 13:08
1-017-7692FBZ,2,,,,ULTRA,017-7692FBZ,8.42E+11,GTIN,,017FBZ WARLOCK DUALLY,,LT,17x6.5,17x6.5,8x200,8x200,,,,,Ultra 017FBZ Warlock Dually 17x6.5 8x200 +129et Dark Satin Bronze Wheel,"For more than 30 years, Ultra Wheel Company has been leading the industry by producing the most durable and precise custom wheels for trucks, SUVs, cars, and many other vehicles. Whether you",,,,71,,,,,,,,0,,20.25,IN,20.25,IN,8.75,IN,34,LB,Dark Satin Bronze,BRONZE,,0,0,,0,3000,8.83,129,142.3,,,,,,,,,,,0,,,,,0,,https://tireandwheelimages.americantiredepot.net/tireandwheelimages/Wheel_Images/ATD/ULTRA/017FBZ_WARLOCK_DUALLY/ULTRA_017FBZ_WARLOCK_DUALLY_DARK_SATIN_BRONZE.jpg,,,,,,,,,China,,,ATD,,,,17,6.5,8,200,0,,5/28/2021 20:25,6/14/2023 13:08
1-017-7692RBM,2,,,,ULTRA,017-7692RBM,8.42E+11,GTIN,,017RBM WARLOCK DUALLY,,LT,17x6.5,17x6.5,8x200,8x200,,,,,Ultra 017RBM Warlock Dually 17x6.5 8x200 -140et Gloss Black Wheel,"For more than 30 years, Ultra Wheel Company has been leading the industry by producing the most durable and precise custom wheels for trucks, SUVs, cars, and many other vehicles. Whether you",,,,65,,,,,,,,0,,20.25,IN,20.25,IN,8.75,IN,36,LB,Gloss Black,BLACK,,0,0,,0,2500,-1.76,-140,142.3,,,,,,,,,,,0,,,,,0,,https://tireandwheelimages.americantiredepot.net/tireandwheelimages/Wheel_Images/ATD/ULTRA/017RBM_WARLOCK_DUALLY/ULTRA_017RBM_WARLOCK_DUALLY_GLOSS_BLACK.jpg,,,,,,,,,China,,,ATD,,,,17,6.5,8,200,0,,5/28/2021 20:25,6/14/2023 13:08
1-017-7692RBZ,2,,,,ULTRA,017-7692RBZ,8.42E+11,GTIN,,017RBZ WARLOCK DUALLY,,LT,17x6.5,17x6.5,8x200,8x200,,,,,Ultra 017RBZ Warlock Dually 17x6.5 8x200 -140et Dark Satin Bronze Wheel,"For more than 30 years, Ultra Wheel Company has been leading the industry by producing the most durable and precise custom wheels for trucks, SUVs, cars, and many other vehicles. Whether you",,,,71,,,,,,,,0,,20.25,IN,20.25,IN,8.75,IN,36,LB,Dark Satin Bronze,BRONZE,,0,0,,0,2500,-1.76,-140,142.3,,,,,,,,,,,0,,,,,0,,https://tireandwheelimages.americantiredepot.net/tireandwheelimages/Wheel_Images/ATD/ULTRA/017RBZ_WARLOCK_DUALLY/ULTRA_017RBZ_WARLOCK_DUALLY_DARK_SATIN_BRONZE.jpg,,,,,,,,,China,,,ATD,,,,17,6.5,8,200,0,,5/28/2021 20:25,6/14/2023 13:08
1-017-7699FBM,2,,,,ULTRA,017-7699FBM,8.42E+11,GTIN,,017FBM WARLOCK DUALLY,,LT,17x6.5,17x6.5,8x210,8x210,,,,,Ultra 017FBM Warlock Dually 17x6.5 8x210 +129et Gloss Black Wheel,"For more than 30 years, Ultra Wheel Company has been leading the industry by producing the most durable and precise custom wheels for trucks, SUVs, cars, and many other vehicles. Whether you",,,,65,,,,,,,,0,,20.25,IN,20.25,IN,8.75,IN,34,LB,Gloss Black,BLACK,,0,0,,0,3000,8.83,129,154.3,,,,,,,,,,,0,,,,,0,,https://tireandwheelimages.americantiredepot.net/tireandwheelimages/Wheel_Images/ATD/ULTRA/017FBM_WARLOCK_DUALLY/ULTRA_017FBM_WARLOCK_DUALLY_GLOSS_BLACK.jpg,,,,,,,,,China,,,ATD,,,,17,6.5,8,210,0,,5/28/2021 20:25,6/14/2023 13:08
1-017-7699FBZ,2,,,,ULTRA,017-7699FBZ,8.42E+11,GTIN,,017FBZ WARLOCK DUALLY,,LT,17x6.5,17x6.5,8x210,8x210,,,,,Ultra 017FBZ Warlock Dually 17x6.5 8x210 +129et Dark Satin Bronze Wheel,"For more than 30 years, Ultra Wheel Company has been leading the industry by producing the most durable and precise custom wheels for trucks, SUVs, cars, and many other vehicles. Whether you",,,,71,,,,,,,,0,,20.25,IN,20.25,IN,8.75,IN,34,LB,Dark Satin Bronze,BRONZE,,0,0,,0,3000,8.83,129,154.3,,,,,,,,,,,0,,,,,0,,https://tireandwheelimages.americantiredepot.net/tireandwheelimages/Wheel_Images/ATD/ULTRA/017FBZ_WARLOCK_DUALLY/ULTRA_017FBZ_WARLOCK_DUALLY_DARK_SATIN_BRONZE.jpg,,,,,,,,,China,,,ATD,,,,17,6.5,8,210,0,,5/28/2021 20:25,6/14/2023 13:08
1-017-7699RBM,2,,,,ULTRA,017-7699RBM,8.42E+11,GTIN,,017RBM WARLOCK DUALLY,,LT,17x6.5,17x6.5,8x210,8x210,,,,,Ultra 017RBM Warlock Dually 17x6.5 8x210 -140et Gloss Black Milled Wheel,"For more than 30 years, Ultra Wheel Company has been leading the industry by producing the most durable and precise custom wheels for trucks, SUVs, cars, and many other vehicles. Whether you",,,,72,,,,,,,,0,,20.25,IN,20.25,IN,8.75,IN,36,LB,Gloss Black Milled,Black,,0,0,,0,2500,-1.76,-140,154.3,,,,,,,,,,,0,,,,,0,,https://tireandwheelimages.americantiredepot.net/tireandwheelimages/Wheel_Images/ATD/ULTRA/017RBM_WARLOCK_DUALLY/ULTRA_017RBM_WARLOCK_DUALLY_GLOSS_BLACK.jpg,,,,,,,,,China,,,ATD,,,,17,6.5,8,210,0,,5/28/2021 20:25,6/14/2023 13:08
1-017-7699RBZ,2,,,,ULTRA,017-7699RBZ,8.42E+11,GTIN,,017RBZ WARLOCK DUALLY,,LT,17x6.5,17x6.5,8x210,8x210,,,,,Ultra 017RBZ Warlock Dually 17x6.5 8x210 -140et Dark Satin Bronze Wheel,"For more than 30 years, Ultra Wheel Company has been leading the industry by producing the most durable and precise custom wheels for trucks, SUVs, cars, and many other vehicles. Whether you",,,,71,,,,,,,,0,,20.25,IN,20.25,IN,8.75,IN,36,LB,Dark Satin Bronze,BRONZE,,0,0,,0,2500,-1.76,-140,154.3,,,,,,,,,,,0,,,,,0,,https://tireandwheelimages.americantiredepot.net/tireandwheelimages/Wheel_Images/ATD/ULTRA/017RBZ_WARLOCK_DUALLY/ULTRA_017RBZ_WARLOCK_DUALLY_DARK_SATIN_BRONZE.jpg,,,,,,,,,China,,,ATD,,,,17,6.5,8,210,0,,5/28/2021 20:25,6/14/2023 13:08
1-02-6681FP,2,,,,ULTRA,02-6681FP,84221000056,GTIN,,02P MODULAR DUALLY FRONT,,LT,16x6,16x6,8x165.1,8x165.1,,,,,Ultra 02P Modular Dually Front 16x6 8x165.1 +102et Polished Wheel,"For more than 30 years, Ultra Wheel Company has been leading the industry by producing the most durable and precise custom wheels for trucks, SUVs, cars, and many other vehicles. Whether you",,,,65,,,,,,,,0,,18.5,IN,18.5,IN,8,IN,25.3,LB,Polished,POLISHED,,0,0,,0,2500,7.52,102,130.18,,,,,,,,,,,0,,,,,0,,https://tireandwheelimages.americantiredepot.net/tireandwheelimages/Wheel_Images/ATD/ULTRA/02P_MODULAR_DUALLY_FRONT/ULTRA_02P_MODULAR_DUALLY_FRONT_POLISHED.jpg,,,,,,,,,China,,,ATD,,,,16,6,8,165.1,0,,5/28/2021 20:25,6/14/2023 13:08
1-02-6681RP,2,,,,ULTRA,02-6681RP,84221000070,GTIN,,02P MODULAR DUALLY REAR,,LT,16x6,16x6,8x165.1,8x165.1,,,,,Ultra 02P Modular Dually Rear 16x6 8x165.1 -125et Polished Wheel,"For more than 30 years, Ultra Wheel Company has been leading the industry by producing the most durable and precise custom wheels for trucks, SUVs, cars, and many other vehicles. Whether you",,,,64,,,,,,,,0,,18.5,IN,18.5,IN,8,IN,24,LB,Polished,POLISHED,,0,0,,0,2500,1.42,-125,130.18,,,,,,,,,,,0,,,,,0,,https://tireandwheelimages.americantiredepot.net/tireandwheelimages/Wheel_Images/ATD/ULTRA/02P_MODULAR_DUALLY_REAR/ULTRA_02P_MODULAR_DUALLY_REAR_POLISHED.jpg,,,,,,,,,China,,,ATD,,,,16,6,8,165.1,0,,5/28/2021 20:25,6/14/2023 13:08
1-02-6687FP,2,,,,ULTRA,02-6687FP,84221000094,GTIN,,02P MODULAR DUALLY FRONT,,LT,16x6,16x6,8x170,8x170,,,,,Ultra 02P Modular Dually Front 16x6 8x170 +102et Polished Wheel,"For more than 30 years, Ultra Wheel Company has been leading the industry by producing the most durable and precise custom wheels for trucks, SUVs, cars, and many other vehicles. Whether you",,,,63,,,,,,,,0,,18.5,IN,18.5,IN,8,IN,25.3,LB,Polished,POLISHED,,0,0,,0,3000,7.52,102,130.18,,,,,,,,,,,0,,,,,0,,https://tireandwheelimages.americantiredepot.net/tireandwheelimages/Wheel_Images/ATD/ULTRA/02P_MODULAR_DUALLY_FRONT/ULTRA_02P_MODULAR_DUALLY_FRONT_POLISHED.jpg,,,,,,,,,China,,,ATD,,,,16,6,8,170,0,,5/28/2021 20:25,6/14/2023 13:08
1-02-6687RP,2,,,,ULTRA,02-6687RP,84221000117,GTIN,,02P MODULAR DUALLY REAR,,LT,16x6,16x6,8x170,8x170,,,,,Ultra 02P Modular Dually Rear 16x6 8x170 -125et Polished Wheel,"For more than 30 years, Ultra Wheel Company has been leading the industry by producing the most durable and precise custom wheels for trucks, SUVs, cars, and many other vehicles. Whether you",,,,62,,,,,,,,0,,18.5,IN,18.5,IN,8,IN,25.3,LB,Polished,POLISHED,,0,0,,0,2500,1.42,-125,130.18,,,,,,,,,,,0,,,,,0,,https://tireandwheelimages.americantiredepot.net/tireandwheelimages/Wheel_Images/ATD/ULTRA/02P_MODULAR_DUALLY_REAR/ULTRA_02P_MODULAR_DUALLY_REAR_POLISHED.jpg,,,,,,,,,China,,,ATD,,,,16,6,8,170,0,,5/28/2021 20:25,6/14/2023 13:08
1-02-7681FP,2,,,,ULTRA,02-7681FP,84221097285,GTIN,,02P MODULAR DUALLY FRONT,,LT,17x6.5,17x6.5,8x165.1,8x165.1,,,,,Ultra 02P Modular Dually Front 17x6.5 8x165.1 +134et Polished Wheel,"For more than 30 years, Ultra Wheel Company has been leading the industry by producing the most durable and precise custom wheels for trucks, SUVs, cars, and many other vehicles. Whether you",,,,67,,,,,,,,0,,19.5,IN,19.5,IN,8.5,IN,32.2,LB,Polished,POLISHED,,0,0,,0,3000,9.03,134,130.18,,,,,,,,,,,0,,,,,0,,https://tireandwheelimages.americantiredepot.net/tireandwheelimages/Wheel_Images/ATD/ULTRA/02P_MODULAR_DUALLY_FRONT/ULTRA_02P_MODULAR_DUALLY_FRONT_POLISHED.jpg,,,,,,,,,China,,,ATD,,,,17,6.5,8,165.1,0,,5/28/2021 20:25,6/14/2023 13:08
1-02-7681RP,2,,,,ULTRA,02-7681RP,84221097292,GTIN,,02P MODULAR DUALLY REAR,,LT,17x6.5,17x6.5,8x165.1,8x165.1,,,,,Ultra 02P Modular Dually Rear 17x6.5 8x165.1 -140et Polished Wheel,"For more than 30 years, Ultra Wheel Company has been leading the industry by producing the most durable and precise custom wheels for trucks, SUVs, cars, and many other vehicles. Whether you",,,,66,,,,,,,,0,,19.5,IN,19.5,IN,8.5,IN,32.2,LB,Polished,POLISHED,,0,0,,0,2500,-1.76,-140,130.18,,,,,,,,,,,0,,,,,0,,https://tireandwheelimages.americantiredepot.net/tireandwheelimages/Wheel_Images/ATD/ULTRA/02P_MODULAR_DUALLY_REAR/ULTRA_02P_MODULAR_DUALLY_REAR_POLISHED.jpg,,,,,,,,,China,,,ATD,,,,17,6.5,8,165.1,0,,5/28/2021 20:25,6/14/2023 13:08
1-025-6681FC,2,,,,ULTRA,025-6681FC,8.42E+11,GTIN,,025C PHANTOM DUALLY FRONT,,LT,16x6,16x6,8x165.1,8x165.1,,,,,Ultra 025C Phantom Dually Front 16x6 8x165.1 +102et Chrome Plated Wheel,"For more than 30 years, Ultra Wheel Company has been leading the industry by producing the most durable and precise custom wheels for trucks, SUVs, cars, and many other vehicles. Whether you",,,,71,,,,,,,,0,,18.5,IN,18.5,IN,8.5,IN,27,LB,Chrome Plated,CHROME,,0,0,,0,3000,7.52,102,121.7,,,,,,,,,,,0,,,,,0,,https://tireandwheelimages.americantiredepot.net/tireandwheelimages/Wheel_Images/ATD/ULTRA/025C_PHANTOM_DUALLY_FRONT/ULTRA_025C_PHANTOM_DUALLY_FRONT_CHROME_PLATED.jpg,,,,,,,,,China,,,ATD,,,,16,6,8,165.1,0,,5/28/2021 20:25,6/14/2023 13:08
1-025-6681FSB,2,,,,ULTRA,025-6681FSB,8.42E+11,GTIN,,025SB PHANTOM DUALLY FRONT,,LT,16x6,16x6,8x165.1,8x165.1,,,,,Ultra 025SB Phantom Dually Front 16x6 8x165.1 +102et Satin Black Cut Satin Wheel,"For more than 30 years, Ultra Wheel Company has been leading the industry by producing the most durable and precise custom wheels for trucks, SUVs, cars, and many other vehicles. Whether you",,,,80,,,,,,,,0,,18.5,IN,18.5,IN,8.5,IN,27,LB,Satin Black Diamond Cut Lip Accents Satin Clear Coat,Black,,0,0,,0,3000,7.52,102,121.7,,,,,,,,,,,0,,,,,0,,https://tireandwheelimages.americantiredepot.net/tireandwheelimages/Wheel_Images/ATD/ULTRA/025SB_PHANTOM_DUALLY_FRONT/ULTRA_025SB_PHANTOM_DUALLY_FRONT_SATIN_BLK_W_DIAM_CUTLIP_ACCNTS&SATIN_CLR_COAT.jpg,,,,,,,,,China,,,ATD,,,,16,6,8,165.1,0,,5/28/2021 20:25,6/14/2023 13:08
1-025-6681RC,2,,,,ULTRA,025-6681RC,8.42E+11,GTIN,,025C PHANTOM DUALLY REAR,,LT,16x6,16x6,8x165.1,8x165.1,,,,,Ultra 025C Phantom Dually Rear 16x6 8x165.1 -140et Chrome Plated Wheel,"For more than 30 years, Ultra Wheel Company has been leading the industry by producing the most durable and precise custom wheels for trucks, SUVs, cars, and many other vehicles. Whether you",,,,70,,,,,,,,0,,18.5,IN,18.5,IN,8.5,IN,31,LB,Chrome Plated,CHROME,,0,0,,0,2500,2.01,-140,121.7,,,,,,,,,,,0,,,,,0,,https://tireandwheelimages.americantiredepot.net/tireandwheelimages/Wheel_Images/ATD/ULTRA/025C_PHANTOM_DUALLY_REAR/ULTRA_025C_PHANTOM_DUALLY_REAR_CHROME_PLATED.jpg,,,,,,,,,China,,,ATD,,,,16,6,8,165.1,0,,5/28/2021 20:25,6/14/2023 13:08
1-025-6681RSB,2,,,,ULTRA,025-6681RSB,8.42E+11,GTIN,,025SB PHANTOM DUALLY REAR,,LT,16x6,16x6,8x165.1,8x165.1,,,,,Ultra 025SB Phantom Dually Rear 16x6 8x165.1 -140et Satin Black Cut Satin Wheel,"For more than 30 years, Ultra Wheel Company has been leading the industry by producing the most durable and precise custom wheels for trucks, SUVs, cars, and many other vehicles. Whether you",,,,79,,,,,,,,0,,18.5,IN,18.5,IN,8.5,IN,31,LB,Satin Black Diamond Cut Lip Accents Satin Clear Coat,Black,,0,0,,0,2500,2.01,-140,121.7,,,,,,,,,,,0,,,,,0,,https://tireandwheelimages.americantiredepot.net/tireandwheelimages/Wheel_Images/ATD/ULTRA/025SB_PHANTOM_DUALLY_REAR/ULTRA_025SB_PHANTOM_DUALLY_REAR_SATIN_BLK_W_DIAM_CUTLIP_ACCNTS&SATIN_CLR_COAT.jpg,,,,,,,,,China,,,ATD,,,,16,6,8,165.1,0,,5/28/2021 20:25,6/14/2023 13:08
1-025-7681FC,2,,,,ULTRA,025-7681FC,8.42E+11,GTIN,,025C PHANTOM DUALLY FRONT,,LT,17x6.5,17x6.5,8x165.1,8x165.1,,,,,Ultra 025C Phantom Dually Front 17x6.5 8x165.1 +129et Chrome Plated Wheel,"For more than 30 years, Ultra Wheel Company has been leading the industry by producing the most durable and precise custom wheels for trucks, SUVs, cars, and many other vehicles. Whether you",,,,73,,,,,,,,0,,20.25,IN,20.25,IN,8.75,IN,40,LB,Chrome Plated,Chrome,,0,0,,0,3000,8.83,129,121.7,,,,,,,,,,,0,,,,,0,,https://tireandwheelimages.americantiredepot.net/tireandwheelimages/Wheel_Images/ATD/ULTRA/025C_PHANTOM_DUALLY_FRONT/ULTRA_025C_PHANTOM_DUALLY_FRONT_CHROME_PLATED.jpg,,,,,,,,,China,,,ATD,,,,17,6.5,8,165.1,0,,5/28/2021 20:25,6/14/2023 13:08
1-025-7681FSB,2,,,,ULTRA,025-7681FSB,8.42E+11,GTIN,,025SB PHANTOM DUALLY FRONT,,LT,17x6.5,17x6.5,8x165.1,8x165.1,,,,,Ultra 025SB Phantom Dually Front 17x6.5 8x165.1 +129et Satin Black Cut Satin Rim,"For more than 30 years, Ultra Wheel Company has been leading the industry by producing the most durable and precise custom wheels for trucks, SUVs, cars, and many other vehicles. Whether you",,,,80,,,,,,,,0,,20.25,IN,20.25,IN,8.75,IN,40,LB,Satin Black Diamond Cut Lip Accents Satin Clear Coat,Black,,0,0,,0,3000,8.83,129,121.7,,,,,,,,,,,0,,,,,0,,https://tireandwheelimages.americantiredepot.net/tireandwheelimages/Wheel_Images/ATD/ULTRA/025SB_PHANTOM_DUALLY_FRONT/ULTRA_025SB_PHANTOM_DUALLY_FRONT_SATIN_BLK_W_DIAM_CUTLIP_ACCNTS&SATIN_CLR_COAT.jpg,,,,,,,,,China,,,ATD,,,,17,6.5,8,165.1,0,,5/28/2021 20:25,6/14/2023 13:08
1-025-7681RC,2,,,,ULTRA,025-7681RC,8.42E+11,GTIN,,025C PHANTOM DUALLY REAR,,LT,17x6.5,17x6.5,8x165.1,8x165.1,,,,,Ultra 025C Phantom Dually Rear 17x6.5 8x165.1 -140et Chrome Plated Wheel,"For more than 30 years, Ultra Wheel Company has been leading the industry by producing the most durable and precise custom wheels for trucks, SUVs, cars, and many other vehicles. Whether you",,,,72,,,,,,,,0,,20.25,IN,20.25,IN,8.75,IN,41,LB,Chrome Plated,Chrome,,0,0,,0,2500,-1.76,-140,121.7,,,,,,,,,,,0,,,,,0,,https://tireandwheelimages.americantiredepot.net/tireandwheelimages/Wheel_Images/ATD/ULTRA/025C_PHANTOM_DUALLY_REAR/ULTRA_025C_PHANTOM_DUALLY_REAR_CHROME_PLATED.jpg,,,,,,,,,China,,,ATD,,,,17,6.5,8,165.1,0,,5/28/2021 20:25,6/14/2023 13:08
1-025-7681RSB,2,,,,ULTRA,025-7681RSB,8.42E+11,GTIN,,025SB PHANTOM DUALLY REAR,,LT,17x6.5,17x6.5,8x165.1,8x165.1,,,,,Ultra 025SB Phantom Dually Rear 17x6.5 8x165.1 -140et Satin Black Cut Satin Rim,"For more than 30 years, Ultra Wheel Company has been leading the industry by producing the most durable and precise custom wheels for trucks, SUVs, cars, and many other vehicles. Whether you",,,,79,,,,,,,,0,,20.25,IN,20.25,IN,8.75,IN,41,LB,Satin Black Diamond Cut Lip Accents Satin Clear Coat,Black,,0,0,,0,2500,-1.76,-140,121.7,,,,,,,,,,,0,,,,,0,,https://tireandwheelimages.americantiredepot.net/tireandwheelimages/Wheel_Images/ATD/ULTRA/025SB_PHANTOM_DUALLY_REAR/ULTRA_025SB_PHANTOM_DUALLY_REAR_SATIN_BLK_W_DIAM_CUTLIP_ACCNTS&SATIN_CLR_COAT.jpg,,,,,,,,,China,,,ATD,,,,17,6.5,8,165.1,0,,5/28/2021 20:25,6/14/2023 13:08
1-03C-4605P,2,,,,PACER,03C-4605P,33259285928,GTIN,,03C CHROME SMOOTHIE,,P,14x6,14x6,5x114.3/5x120.7,5x114.3,5x120.7,,,,Pacer 03C Chrome Smoothie 14x6 5x114.3/5x120.7 +07et Chrome Plated Wheel,"Founded with the main goal to design and manufacture wheels which satisfy the highest demands of those customers who are looking to achieve top driving performance, yet without sacrificing safety, Pacer Wheels is currently one of the leading aftermarket manufacturers known for their products all around the globe. Since 1972, the year it was established, the company has never stopped developing innovations and technologies to provide every vehicle available on the market with premium quality wheels it deserves. Today millions of car owners rely on Pacer wheels and rims when exceptional quality coupled with personal style is needed.",,,,72,,,,,,,,0,,16,IN,16,IN,8.5,IN,22,LB,Chrome Plated,CHROME,,0,0,,0,1400,3.78,7,81.03,,,,,,,,,,,0,,,,,0,,https://tireandwheelimages.americantiredepot.net/tireandwheelimages/Wheel_Images/ATD/PACER/03C_CHROME_SMOOTHIE/PACER_03C_CHROME_SMOOTHIE_CHROME_PLATED.jpg,,,,,,,,,USA,,,ATD,,,,14,6,5,114.3,0,,5/28/2021 20:25,6/14/2023 13:08
1-03C-4705,2,,,,PACER,03C-4705,33259416988,GTIN,,03C CHROME SMOOTHIE,,P,14x7,14x7,5x114.3/5x120.7,5x114.3,5x120.7,,,,Pacer 03C Chrome Smoothie 14x7 5x114.3/5x120.7 +00et Chrome Plated Wheel,"Founded with the main goal to design and manufacture wheels which satisfy the highest demands of those customers who are looking to achieve top driving performance, yet without sacrificing safety, Pacer Wheels is currently one of the leading aftermarket manufacturers known for their products all around the globe. Since 1972, the year it was established, the company has never stopped developing innovations and technologies to provide every vehicle available on the market with premium quality wheels it deserves. Today millions of car owners rely on Pacer wheels and rims when exceptional quality coupled with personal style is needed.",,,,72,,,,,,,,0,,15.5,IN,15.5,IN,9,IN,24,LB,Chrome Plated,CHROME,,0,0,,0,1400,4,0,81.03,,,,,,,,,,,0,,,,,0,,https://tireandwheelimages.americantiredepot.net/tireandwheelimages/Wheel_Images/ATD/PACER/03C_CHROME_SMOOTHIE/PACER_03C_CHROME_SMOOTHIE_CHROME_PLATED.jpg,,,,,,,,,USA,,,ATD,,,,14,7,5,114.3,0,,5/28/2021 20:25,6/14/2023 13:08
1-03C-5105,2,,,,PACER,03C-5105,33259285966,GTIN,,03C CHROME SMOOTHIE,,P,15x10,15x10,5x114.3/5x120.7,5x114.3,5x120.7,,,,Pacer 03C Chrome Smoothie 15x10 5x114.3/5x120.7 -32et Chrome Plated Wheel,"Founded with the main goal to design and manufacture wheels which satisfy the highest demands of those customers who are looking to achieve top driving performance, yet without sacrificing safety, Pacer Wheels is currently one of the leading aftermarket manufacturers known for their products all around the globe. Since 1972, the year it was established, the company has never stopped developing innovations and technologies to provide every vehicle available on the market with premium quality wheels it deserves. Today millions of car owners rely on Pacer wheels and rims when exceptional quality coupled with personal style is needed.",,,,73,,,,,,,,0,,18,IN,18,IN,11.5,IN,34,LB,Chrome Plated,Chrome,,0,0,,0,1500,4.24,-32,81.03,,,,,,,,,,,0,,,,,0,,https://tireandwheelimages.americantiredepot.net/tireandwheelimages/Wheel_Images/ATD/PACER/03C_CHROME_SMOOTHIE/PACER_03C_CHROME_SMOOTHIE_CHROME_PLATED.jpg,,,,,,,,,USA,,,ATD,,,,15,10,5,114.3,0,,5/28/2021 20:25,6/14/2023 13:08
1-03C-5153,2,,,,PACER,03C-5153,33259285980,GTIN,,03C CHROME SMOOTHIE,,LT,15x10,15x10,5x127/5x139.7,5x127,5x139.70,,,,Pacer 03C Chrome Smoothie 15x10 5x127/5x139.7 -32et Chrome Plated Wheel,"Founded with the main goal to design and manufacture wheels which satisfy the highest demands of those customers who are looking to achieve top driving performance, yet without sacrificing safety, Pacer Wheels is currently one of the leading aftermarket manufacturers known for their products all around the globe. Since 1972, the year it was established, the company has never stopped developing innovations and technologies to provide every vehicle available on the market with premium quality wheels it deserves. Today millions of car owners rely on Pacer wheels and rims when exceptional quality coupled with personal style is needed.",,,,71,,,,,,,,0,,18,IN,18,IN,11.5,IN,34,LB,Chrome Plated,CHROME,,0,0,,0,1500,4.24,-32,94.23,,,,,,,,,,,0,,,,,0,,https://tireandwheelimages.americantiredepot.net/tireandwheelimages/Wheel_Images/ATD/PACER/03C_CHROME_SMOOTHIE/PACER_03C_CHROME_SMOOTHIE_CHROME_PLATED.jpg,,,,,,,,,USA,,,ATD,,,,15,10,5,127,0,,5/28/2021 20:25,6/14/2023 13:08
1-03C-5160,2,,,,PACER,03C-5160,33259286000,GTIN,,03C CHROME SMOOTHIE,,LT,15x10,15x10,6x139.7,6x139.7,,,,,Pacer 03C Chrome Smoothie 15x10 6x139.7 -32et Chrome Plated Wheel,"Founded with the main goal to design and manufacture wheels which satisfy the highest demands of those customers who are looking to achieve top driving performance, yet without sacrificing safety, Pacer Wheels is currently one of the leading aftermarket manufacturers known for their products all around the globe. Since 1972, the year it was established, the company has never stopped developing innovations and technologies to provide every vehicle available on the market with premium quality wheels it deserves. Today millions of car owners rely on Pacer wheels and rims when exceptional quality coupled with personal style is needed.",,,,65,,,,,,,,0,,18,IN,18,IN,11.5,IN,34,LB,Chrome Plated,CHROME,,0,0,,0,1500,4.24,-32,108.71,,,,,,,,,,,0,,,,,0,,https://tireandwheelimages.americantiredepot.net/tireandwheelimages/Wheel_Images/ATD/PACER/03C_CHROME_SMOOTHIE/PACER_03C_CHROME_SMOOTHIE_CHROME_PLATED.jpg,,,,,,,,,USA,,,ATD,,,,15,10,6,139.7,0,,5/28/2021 20:25,6/14/2023 13:08
1-03C-5605P,2,,,,PACER,03C-5605P,33259286048,GTIN,,03C CHROME SMOOTHIE,,P,15x6,15x6,5x114.3/5x120.7,5x114.3,5x120.7,,,,Pacer 03C Chrome Smoothie 15x6 5x114.3/5x120.7 +07et Chrome Plated Wheel,"Founded with the main goal to design and manufacture wheels which satisfy the highest demands of those customers who are looking to achieve top driving performance, yet without sacrificing safety, Pacer Wheels is currently one of the leading aftermarket manufacturers known for their products all around the globe. Since 1972, the year it was established, the company has never stopped developing innovations and technologies to provide every vehicle available on the market with premium quality wheels it deserves. Today millions of car owners rely on Pacer wheels and rims when exceptional quality coupled with personal style is needed.",,,,72,,,,,,,,0,,17.5,IN,16.75,IN,7.5,IN,25,LB,Chrome Plated,CHROME,,0,0,,0,1500,3.78,7,81.03,,,,,,,,,,,0,,,,,0,,https://tireandwheelimages.americantiredepot.net/tireandwheelimages/Wheel_Images/ATD/PACER/03C_CHROME_SMOOTHIE/PACER_03C_CHROME_SMOOTHIE_CHROME_PLATED.jpg,,,,,,,,,USA,,,ATD,,,,15,6,5,114.3,0,,5/28/2021 20:25,6/14/2023 13:08
1-03C-5653P,2,,,,PACER,03C-5653P,33259286079,GTIN,,03C CHROME SMOOTHIE,,LT,15x6,15x6,5x127/5x139.7,5x127,5x139.70,,,,Pacer 03C Chrome Smoothie 15x6 5x127/5x139.7 +06et Chrome Plated Wheel,"Founded with the main goal to design and manufacture wheels which satisfy the highest demands of those customers who are looking to achieve top driving performance, yet without sacrificing safety, Pacer Wheels is currently one of the leading aftermarket manufacturers known for their products all around the globe. Since 1972, the year it was established, the company has never stopped developing innovations and technologies to provide every vehicle available on the market with premium quality wheels it deserves. Today millions of car owners rely on Pacer wheels and rims when exceptional quality coupled with personal style is needed.",,,,70,,,,,,,,0,,17.5,IN,16.75,IN,7.5,IN,25,LB,Chrome Plated,CHROME,,0,0,,0,1500,3.74,6,93.73,,,,,,,,,,,0,,,,,0,,https://tireandwheelimages.americantiredepot.net/tireandwheelimages/Wheel_Images/ATD/PACER/03C_CHROME_SMOOTHIE/PACER_03C_CHROME_SMOOTHIE_CHROME_PLATED.jpg,,,,,,,,,USA,,,ATD,,,,15,6,5,127,0,,5/28/2021 20:25,6/14/2023 13:08
1-03C-5660P,2,,,,PACER,03C-5660P,33259286093,GTIN,,03C CHROME SMOOTHIE,,LT,15x6,15x6,6x139.7,6x139.7,,,,,Pacer 03C Chrome Smoothie 15x6 6x139.7 +06et Chrome Plated Wheel,"Founded with the main goal to design and manufacture wheels which satisfy the highest demands of those customers who are looking to achieve top driving performance, yet without sacrificing safety, Pacer Wheels is currently one of the leading aftermarket manufacturers known for their products all around the globe. Since 1972, the year it was established, the company has never stopped developing innovations and technologies to provide every vehicle available on the market with premium quality wheels it deserves. Today millions of car owners rely on Pacer wheels and rims when exceptional quality coupled with personal style is needed.",,,,64,,,,,,,,0,,17.5,IN,16.75,IN,7.5,IN,24,LB,Chrome Plated,CHROME,,0,0,,0,1500,3.74,6,108.71,,,,,,,,,,,0,,,,,0,,https://tireandwheelimages.americantiredepot.net/tireandwheelimages/Wheel_Images/ATD/PACER/03C_CHROME_SMOOTHIE/PACER_03C_CHROME_SMOOTHIE_CHROME_PLATED.jpg,,,,,,,,,USA,,,ATD,,,,15,6,6,139.7,0,,5/28/2021 20:25,6/14/2023 13:08
1-03C-5705P,2,,,,PACER,03C-5705P,33259286116,GTIN,,03C CHROME SMOOTHIE,,P,15x7,15x7,5x114.3/5x120.7,5x114.3,5x120.7,,,,Pacer 03C Chrome Smoothie 15x7 5x114.3/5x120.7 +03et Chrome Plated Wheel,"Founded with the main goal to design and manufacture wheels which satisfy the highest demands of those customers who are looking to achieve top driving performance, yet without sacrificing safety, Pacer Wheels is currently one of the leading aftermarket manufacturers known for their products all around the globe. Since 1972, the year it was established, the company has never stopped developing innovations and technologies to provide every vehicle available on the market with premium quality wheels it deserves. Today millions of car owners rely on Pacer wheels and rims when exceptional quality coupled with personal style is needed.",,,,72,,,,,,,,0,,18,IN,18,IN,9,IN,26.5,LB,Chrome Plated,CHROME,,0,0,,0,1500,4.12,3,81.03,,,,,,,,,,,0,,,,,0,,https://tireandwheelimages.americantiredepot.net/tireandwheelimages/Wheel_Images/ATD/PACER/03C_CHROME_SMOOTHIE/PACER_03C_CHROME_SMOOTHIE_CHROME_PLATED.jpg,,,,,,,,,USA,,,ATD,,,,15,7,5,114.3,0,,5/28/2021 20:25,6/14/2023 13:08
1-03C-5753P,2,,,,PACER,03C-5753P,33259286130,GTIN,,03C CHROME SMOOTHIE,,LT,15x7,15x7,5x127/5x139.7,5x127,5x139.70,,,,Pacer 03C Chrome Smoothie 15x7 5x127/5x139.7 +03et Chrome Plated Wheel,"Founded with the main goal to design and manufacture wheels which satisfy the highest demands of those customers who are looking to achieve top driving performance, yet without sacrificing safety, Pacer Wheels is currently one of the leading aftermarket manufacturers known for their products all around the globe. Since 1972, the year it was established, the company has never stopped developing innovations and technologies to provide every vehicle available on the market with premium quality wheels it deserves. Today millions of car owners rely on Pacer wheels and rims when exceptional quality coupled with personal style is needed.",,,,70,,,,,,,,0,,18,IN,18,IN,9,IN,26.5,LB,Chrome Plated,CHROME,,0,0,,0,1500,4.12,3,94.23,,,,,,,,,,,0,,,,,0,,https://tireandwheelimages.americantiredepot.net/tireandwheelimages/Wheel_Images/ATD/PACER/03C_CHROME_SMOOTHIE/PACER_03C_CHROME_SMOOTHIE_CHROME_PLATED.jpg,,,,,,,,,USA,,,ATD,,,,15,7,5,127,0,,5/28/2021 20:25,6/14/2023 13:08
1-03C-5760P,2,,,,PACER,03C-5760P,33259286154,GTIN,,03C CHROME SMOOTHIE,,LT,15x7,15x7,6x139.7,6x139.7,,,,,Pacer 03C Chrome Smoothie 15x7 6x139.7 +03et Chrome Plated Wheel,"Founded with the main goal to design and manufacture wheels which satisfy the highest demands of those customers who are looking to achieve top driving performance, yet without sacrificing safety, Pacer Wheels is currently one of the leading aftermarket manufacturers known for their products all around the globe. Since 1972, the year it was established, the company has never stopped developing innovations and technologies to provide every vehicle available on the market with premium quality wheels it deserves. Today millions of car owners rely on Pacer wheels and rims when exceptional quality coupled with personal style is needed.",,,,64,,,,,,,,0,,18,IN,18,IN,9,IN,26.5,LB,Chrome Plated,CHROME,,0,0,,0,1500,4.12,3,108.71,,,,,,,,,,,0,,,,,0,,https://tireandwheelimages.americantiredepot.net/tireandwheelimages/Wheel_Images/ATD/PACER/03C_CHROME_SMOOTHIE/PACER_03C_CHROME_SMOOTHIE_CHROME_PLATED.jpg,,,,,,,,,USA,,,ATD,,,,15,7,6,139.7,0,,5/28/2021 20:25,6/14/2023 13:08
1-03C-5805,2,,,,PACER,03C-5805,33259286178,GTIN,,03C CHROME SMOOTHIE,,P,15x8,15x8,5x114.3/5x120.7,5x114.3,5x120.7,,,,Pacer 03C Chrome Smoothie 15x8 5x114.3/5x120.7 -06et Chrome Plated Wheel,"Founded with the main goal to design and manufacture wheels which satisfy the highest demands of those customers who are looking to achieve top driving performance, yet without sacrificing safety, Pacer Wheels is currently one of the leading aftermarket manufacturers known for their products all around the globe. Since 1972, the year it was established, the company has never stopped developing innovations and technologies to provide every vehicle available on the market with premium quality wheels it deserves. Today millions of car owners rely on Pacer wheels and rims when exceptional quality coupled with personal style is needed.",,,,72,,,,,,,,0,,17.25,IN,17.5,IN,10.25,IN,29.5,LB,Chrome Plated,CHROME,,0,0,,0,1500,4.26,-6,81.03,,,,,,,,,,,0,,,,,0,,https://tireandwheelimages.americantiredepot.net/tireandwheelimages/Wheel_Images/ATD/PACER/03C_CHROME_SMOOTHIE/PACER_03C_CHROME_SMOOTHIE_CHROME_PLATED.jpg,,,,,,,,,USA,,,ATD,,,,15,8,5,114.3,0,,5/28/2021 20:25,6/14/2023 13:08
1-03C-5853,2,,,,PACER,03C-5853,33259286208,GTIN,,03C CHROME SMOOTHIE,,LT,15x8,15x8,5x127/5x139.7,5x127,5x139.70,,,,Pacer 03C Chrome Smoothie 15x8 5x127/5x139.7 -06et Chrome Plated Wheel,"Founded with the main goal to design and manufacture wheels which satisfy the highest demands of those customers who are looking to achieve top driving performance, yet without sacrificing safety, Pacer Wheels is currently one of the leading aftermarket manufacturers known for their products all around the globe. Since 1972, the year it was established, the company has never stopped developing innovations and technologies to provide every vehicle available on the market with premium quality wheels it deserves. Today millions of car owners rely on Pacer wheels and rims when exceptional quality coupled with personal style is needed.",,,,70,,,,,,,,0,,17.25,IN,17.5,IN,10.25,IN,29.5,LB,Chrome Plated,CHROME,,0,0,,0,1500,4.26,-6,94.23,,,,,,,,,,,0,,,,,0,,https://tireandwheelimages.americantiredepot.net/tireandwheelimages/Wheel_Images/ATD/PACER/03C_CHROME_SMOOTHIE/PACER_03C_CHROME_SMOOTHIE_CHROME_PLATED.jpg,,,,,,,,,USA,,,ATD,,,,15,8,5,127,0,,5/28/2021 20:25,6/14/2023 13:08
1-03C-5860,2,,,,PACER,03C-5860,33259286222,GTIN,,03C CHROME SMOOTHIE,,LT,15x8,15x8,6x139.7,6x139.7,,,,,Pacer 03C Chrome Smoothie 15x8 6x139.7 -06et Chrome Plated Wheel,"Founded with the main goal to design and manufacture wheels which satisfy the highest demands of those customers who are looking to achieve top driving performance, yet without sacrificing safety, Pacer Wheels is currently one of the leading aftermarket manufacturers known for their products all around the globe. Since 1972, the year it was established, the company has never stopped developing innovations and technologies to provide every vehicle available on the market with premium quality wheels it deserves. Today millions of car owners rely on Pacer wheels and rims when exceptional quality coupled with personal style is needed.",,,,64,,,,,,,,0,,17.25,IN,17.5,IN,10.25,IN,29.5,LB,Chrome Plated,CHROME,,0,0,,0,1500,4.26,-6,108.71,,,,,,,,,,,0,,,,,0,,https://tireandwheelimages.americantiredepot.net/tireandwheelimages/Wheel_Images/ATD/PACER/03C_CHROME_SMOOTHIE/PACER_03C_CHROME_SMOOTHIE_CHROME_PLATED.jpg,,,,,,,,,USA,,,ATD,,,,15,8,6,139.7,0,,5/28/2021 20:25,6/14/2023 13:08
1-049-6681FBM,2,,,,ULTRA,049-6681FBM,8.42E+11,GTIN,,049BM PREDATOR DUALLY,,LT,16x6,16x6,8x165.1,8x165.1,,,,,Ultra 049BM Predator Dually 16x6 8x165.1 +102et Gloss Black CNC Milled Wheel,"For more than 30 years, Ultra Wheel Company has been leading the industry by producing the most durable and precise custom wheels for trucks, SUVs, cars, and many other vehicles. Whether you",,,,76,,,,,,,,0,,18.5,IN,18.5,IN,8.5,IN,26,LB,Gloss Black CNC Milled Accents Clear Coat,Black,,0,0,,0,3000,7.52,102,121.7,,,,,,,,,,,0,,,,,0,,https://tireandwheelimages.americantiredepot.net/tireandwheelimages/Wheel_Images/ATD/ULTRA/049BM_PREDATOR_DUALLY/ULTRA_049BM_PREDATOR_DUALLY_GLOSS_BLK_W_CNC_MILLED_ACCNTS&CLR_COAT.jpg,,,,,,,,,China,,,ATD,,,,16,6,8,165.1,0,,5/28/2021 20:25,6/14/2023 13:08
1-049-6681FC,2,,,,ULTRA,049-6681FC,8.42E+11,GTIN,,049C PREDATOR DUALLY,,LT,16x6,16x6,8x165.1,8x165.1,,,,,Ultra 049C Predator Dually 16x6 8x165.1 +102et Chrome Plated Wheel,"For more than 30 years, Ultra Wheel Company has been leading the industry by producing the most durable and precise custom wheels for trucks, SUVs, cars, and many other vehicles. Whether you",,,,66,,,,,,,,0,,18.5,IN,18.5,IN,8.5,IN,24,LB,Chrome Plated,Chrome,,0,0,,0,3000,7.52,102,121.7,,,,,,,,,,,0,,,,,0,,https://tireandwheelimages.americantiredepot.net/tireandwheelimages/Wheel_Images/ATD/ULTRA/049C_PREDATOR_DUALLY/ULTRA_049C_PREDATOR_DUALLY_CHROME_PLATED2.jpg,,,,,,,,,China,,,ATD,,,,16,6,8,165.1,0,,5/28/2021 20:25,6/14/2023 13:08
1-049-6681FSB,2,,,,ULTRA,049-6681FSB,8.42E+11,GTIN,,049SB PREDATOR DUALLY,,LT,16x6,16x6,8x165.1,8x165.1,,,,,Ultra 049SB Predator Dually 16x6 8x165.1 +102et Satin Black Wheel,"For more than 30 years, Ultra Wheel Company has been leading the industry by producing the most durable and precise custom wheels for trucks, SUVs, cars, and many other vehicles. Whether you",,,,65,,,,,,,,0,,18.5,IN,18.5,IN,8.5,IN,24,LB,Satin Black,Black,,0,0,,0,3000,7.52,102,121.7,,,,,,,,,,,0,,,,,0,,https://tireandwheelimages.americantiredepot.net/tireandwheelimages/Wheel_Images/ATD/ULTRA/049SB_PREDATOR_DUALLY/ULTRA_049SB_PREDATOR_DUALLY_SATIN_BLACK.jpg,,,,,,,,,China,,,ATD,,,,16,6,8,165.1,0,,5/28/2021 20:25,6/14/2023 13:08
1-049-6681RBM,2,,,,ULTRA,049-6681RBM,8.42E+11,GTIN,,049BM PREDATOR DUALLY,,LT,16x6,16x6,8x165.1,8x165.1,,,,,Ultra 049BM Predator Dually 16x6 8x165.1 -140et Gloss Black CNC Milled Wheel,"For more than 30 years, Ultra Wheel Company has been leading the industry by producing the most durable and precise custom wheels for trucks, SUVs, cars, and many other vehicles. Whether you",,,,76,,,,,,,,0,,18.5,IN,18.5,IN,8.5,IN,26,LB,Gloss Black CNC Milled Accents Clear Coat,Black,,0,0,,0,2500,2.01,-140,121.7,,,,,,,,,,,0,,,,,0,,https://tireandwheelimages.americantiredepot.net/tireandwheelimages/Wheel_Images/ATD/ULTRA/049BM_PREDATOR_DUALLY/ULTRA_049BM_PREDATOR_DUALLY_GLOSS_BLK_W_CNC_MILLED_ACCNTS&CLR_COAT2.jpg,,,,,,,,,China,,,ATD,,,,16,6,8,165.1,0,,5/28/2021 20:25,6/14/2023 13:08
1-049-6681RC,2,,,,ULTRA,049-6681RC,8.42E+11,GTIN,,049C PREDATOR DUALLY,,LT,16x6,16x6,8x165.1,8x165.1,,,,,Ultra 049C Predator Dually 16x6 8x165.1 -140et Chrome Plated Wheel,"For more than 30 years, Ultra Wheel Company has been leading the industry by producing the most durable and precise custom wheels for trucks, SUVs, cars, and many other vehicles. Whether you",,,,66,,,,,,,,0,,18.5,IN,18.5,IN,8.5,IN,26,LB,Chrome Plated,Chrome,,0,0,,0,2500,2.01,-140,121.7,,,,,,,,,,,0,,,,,0,,https://tireandwheelimages.americantiredepot.net/tireandwheelimages/Wheel_Images/ATD/ULTRA/049C_PREDATOR_DUALLY/ULTRA_049C_PREDATOR_DUALLY_CHROME_PLATED.jpg,,,,,,,,,China,,,ATD,,,,16,6,8,165.1,0,,5/28/2021 20:25,6/14/2023 13:08
1-049-6681RSB,2,,,,ULTRA,049-6681RSB,8.42E+11,GTIN,,049SB PREDATOR DUALLY,,LT,16x6,16x6,8x165.1,8x165.1,,,,,Ultra 049SB Predator Dually 16x6 8x165.1 -140et Satin Black Wheel,"For more than 30 years, Ultra Wheel Company has been leading the industry by producing the most durable and precise custom wheels for trucks, SUVs, cars, and many other vehicles. Whether you",,,,65,,,,,,,,0,,18.5,IN,18.5,IN,8.5,IN,26,LB,Satin Black,Black,,0,0,,0,2500,2.01,-140,121.7,,,,,,,,,,,0,,,,,0,,https://tireandwheelimages.americantiredepot.net/tireandwheelimages/Wheel_Images/ATD/ULTRA/049SB_PREDATOR_DUALLY/ULTRA_049SB_PREDATOR_DUALLY_SATIN_BLACK2.jpg,,,,,,,,,China,,,ATD,,,,16,6,8,165.1,0,,5/28/2021 20:25,6/14/2023 13:08
